,PC_ID,Title,loose_price,cib_price,new_price
0,30613,007 GoldenEye,9.56,10.78,37.50
1,30614,007 GoldenEye [Gold Controller Bundle],26.11,40.72,60.79
2,4895296,007 GoldenEye [Walmart Gold Controller Bundle],,,
3,15891,007 Quantum of Solace,5.03,6.00,15.00
4,21574,10 Minute Solution,5.45,5.92,9.91
5,19871,101-in-1 Party Megamix,6.69,6.87,9.99
6,30857,101-in-1 Sports Party Megamix,6.58,7.95,98.70
7,30953,2 for 1 Power Pack Kawasaki Jet Ski & Summer Sports 2,21.97,24.99,134.63
8,39980,2 for 1 Power Pack Winter Blast & Summer Sports 2,31.46,40.89,49.99
9,45786,2 for 1 Power Pack WWII Aces & Indianapolis 500 Legends,53.52,74.58,149.00
10,21257,2010 FIFA World Cup South Africa,5.66,6.22,16.40
11,19745,A Boy and His Blob,10.89,12.59,42.17
12,32249,Abba You Can Dance,8.86,9.99,20.10
13,19931,Academy of Champions Soccer,6.71,6.99,9.52
14,4895097,AC/DC Live: Rock Band Fan Pack,,,
15,16182,AC/DC Live Rock Band Track Pack,5.02,5.45,11.22
16,14406,Action Girlz Racing,5.60,6.22,8.98
17,30335,Active Life: Explorer,7.99,9.24,26.62
18,19482,Active Life: Extreme Challenge,6.99,7.95,22.24
19,32210,Active Life Magical Carnival,7.00,7.50,12.95
20,32211,Active Life Magical Carnival with Mat,14.23,18.50,37.00
21,14651,Active Life Outdoor Challenge,6.12,7.03,17.99
22,32376,Adventures of Tintin: The Game,4.81,4.94,13.95
23,10343,Agatha Christie And Then There Were None,6.61,7.99,14.60
24,16031,Agatha Christie Evil Under the Sun,10.14,11.89,21.24
25,3872212,AJ & Aly Guitar,,,
26,31381,Aladdin Magic Racer,16.33,19.67,31.56
27,21007,Alice in Wonderland: The Movie,3.48,6.25,14.95
28,21658,Alien Monster Bowling League,6.48,9.84,19.99
29,6783,Alien Syndrome,5.14,6.35,11.48
30,21649,Aliens in the Attic,5.23,6.97,14.00
31,15828,All-Star Cheer Squad,2.24,5.50,11.00
32,19872,All Star Cheer Squad 2,3.65,5.91,8.41
33,21194,All-Star Karate,4.84,6.87,16.00
34,13984,Alone in the Dark,5.52,8.44,9.40
35,4556185,Alone in the Dark [Soundtrack Edition],10.51,13.66,27.00
36,32251,Alvin & Chipmunks: Chipwrecked,4.70,6.99,10.76
37,10873,Alvin And The Chipmunks The Game,3.50,4.97,7.00
38,20065,Alvin and The Chipmunks: The Squeakquel,6.29,6.66,9.88
39,32876,Amazing Spiderman,10.59,11.10,20.77
40,21523,America's Next Top Model,7.00,7.32,15.91
41,33394,American Mensa Academy,88.90,100.00,200.05
42,10874,AMF Bowling Pinbusters,5.64,8.70,15.00
43,16032,AMF Bowling World Lanes,6.50,8.37,16.00
44,34471,Angry Birds Star Wars,4.97,5.88,10.15
45,34158,Angry Birds Trilogy,12.34,12.83,28.66
46,16017,Animal Crossing City Folk,14.95,16.24,41.77
47,32648,Animal Crossing City Folk [Nintendo Selects],14.84,15.11,50.66
48,16018,Animal Crossing City Folk [Wii Speak Bundle],20.85,30.49,72.07
49,19640,Animal Kingdom: Wildlife Expedition,5.23,6.36,8.99
50,21654,Animal Planet: Vet Life,5.36,6.97,20.50
51,7268,Ant Bully,4.28,5.61,13.57
52,10709,Anubis II,3.17,3.79,9.99
53,21629,Aqua Panic,10.60,16.61,53.05
54,21626,Arc Rise Fantasia,59.00,69.99,111.27
55,19963,Arcade Shooting Gallery,6.25,6.56,12.21
56,30890,Arcade Shooting Gallery Bundle,11.54,15.00,30.00
57,19579,Arcade Zone,6.90,8.73,17.49
58,9402,Arctic Tale,4.50,4.92,6.99
59,30659,Are You Smarter Than A 5th Grader? Back to School,4.63,5.99,9.99
60,19847,Are You Smarter Than A 5th Grader? Game Time,4.40,5.95,9.99
61,15771,Are You Smarter Than A 5th Grader? Make the Grade,3.91,5.10,8.00
62,15689,Army Men Soldiers of Misfortune,4.00,5.25,8.49
63,30891,Army Rescue,3.42,3.44,7.37
64,30892,Around the World In 50 Games,5.86,8.54,11.05
65,19792,Astro Boy: The Video Game,6.23,6.90,16.75
66,58172,Atrevete a Sonar,52.50,240.12,480.00
67,21313,Attack of the Movies 3D,7.74,11.99,14.99
68,21648,ATV Quad Kings,4.58,5.74,9.78
69,30894,ATV Quad Kings Bundle,6.34,9.73,16.98
70,5281903,ATV Quad Kings [Cardboard Sleeve],,,
71,10344,Avatar The Burning Earth,6.94,6.96,20.97
72,20043,Avatar: The Game,6.29,7.32,18.99
73,3748653,Avatar: The Game [Limited Edition],81.60,122.40,244.79
74,6784,Avatar the Last Airbender,7.93,8.33,25.64
75,15723,Avatar the Last Airbender Into the Inferno,11.49,11.92,40.89
76,30656,Babysitting Mama,8.21,14.99,40.98
77,32385,Back to the Future,19.36,22.49,50.01
78,18719,Backyard Baseball '10,8.96,9.99,20.40
79,13894,Backyard Baseball 09,5.06,7.06,13.58
80,10345,Backyard Football,5.55,6.99,23.80
81,19786,Backyard Football '10,5.92,7.14,17.58
82,15665,Backyard Football 09,4.87,5.42,21.90
83,30313,Backyard Sports: Rookie Rush,6.85,6.85,17.99
84,21315,Backyard Sports: Sandlot Sluggers,5.94,6.99,11.99
85,19765,Bakugan Battle Brawlers,4.10,6.90,8.75
86,2253804,Bakugan Battle Brawlers [Toys R Us],5.84,10.97,14.99
87,2377940,Bakugan Battle Brawlers [Walmart],,,
88,30304,Bakugan: Defenders of the Core,6.69,8.52,14.50
89,14114,Balloon Pop,4.89,6.55,8.32
90,7271,Balls of Fury,4.93,4.95,8.68
91,19904,Band Hero,5.30,7.24,14.16
92,19910,Band Hero Superbundle,166.24,179.00,358.00
93,36213,Barbie and Her Sisters: Puppy Rescue,7.49,13.49,29.53
94,19933,Barbie and the Three Musketeers,7.39,7.43,11.88
95,10346,Barbie as the Island Princess,5.28,6.20,15.00
96,34592,Barbie: Dreamhouse Party,11.45,13.88,23.22
97,31153,Barbie: Groom and Glam Pups,4.67,5.93,17.00
98,15779,Barbie Horse Adventures: Riding Camp,7.91,9.97,18.00
99,31748,"Barbie: Jet, Set & Style",5.45,6.96,15.92
100,7272,Barnyard,12.97,16.20,40.00
101,16424,Baroque,19.09,21.53,42.99
102,21655,Baseball Blast!,4.55,7.41,11.55
103,58520,Bass Fishing [Rod Bundle],18.31,31.15,38.00
104,21516,Bass Pro Shops: The Hunt,5.43,5.48,17.91
105,63142,Bass Pro Shops The Hunt Trophy Showdown,7.17,10.44,32.76
106,63143,Bass Pro Shops The Hunt Trophy Showdown [Gun Bundle],17.95,25.00,50.00
107,19663,Bass Pro Shops: The Strike,7.48,7.89,19.99
108,5489934,Bass Pro Shops: The Strike [Tournament Edition],4.25,12.00,28.88
109,19665,Bass Pro Shops: The Strike with Fishing Rod,19.63,29.99,114.60
110,21993,Batman: The Brave and the Bold,9.22,11.48,19.58
111,10347,Battalion Wars 2,10.85,12.00,37.67
112,30657,Battle of Giants: Dinosaurs Strike,11.42,11.47,33.29
113,13223,Battle of the Bands,2.51,3.93,6.72
114,16310,Battle Rage,7.45,8.66,11.49
115,32738,Battleship,6.57,6.90,18.69
116,30895,Beach Fun: Summer Challenge,4.39,5.35,6.68
117,35225,Beastly,4.49,4.86,8.99
118,10367,Bee Movie Game,4.55,4.95,14.50
119,15037,Ben 10 Alien Force,4.73,5.89,11.80
120,19855,Ben 10: Alien Force: Vilgax Attacks,6.55,7.45,15.99
121,31841,Ben 10: Galactic Racing,6.71,7.32,8.98
122,33317,Ben 10: Omniverse,6.07,8.00,13.48
123,34502,Ben 10: Omniverse 2,5.79,7.53,11.05
124,10348,Ben 10 Protector of Earth,3.37,6.29,13.00
125,22107,Ben 10: Ultimate Alien Cosmic Destruction,7.44,7.74,15.00
126,20015,Bermuda Triangle: Saving the Coral,4.21,6.91,9.63
127,30691,Beyblade: Metal Fusion Battle Fortress,7.96,8.72,23.56
128,13988,Big Beach Sports,2.00,3.99,6.24
129,5298549,Big Beach Sports 1 and 2 [Double Pack],10.74,16.11,32.21
130,21611,Big Beach Sports 2,4.50,7.42,14.07
131,6785,Big Brain Academy Wii Degree,5.01,5.59,11.76
132,33879,Big Buck Hunter Pro,15.00,18.49,99.81
133,33880,Big Buck Hunter Pro Gun Bundle,30.20,41.97,154.98
134,15963,Big League Sports,6.74,7.97,12.45
135,19296,Big League Sports: Summer,5.95,7.31,14.52
136,34006,Big Time Rush Dance Party,8.00,9.20,16.91
137,16414,Bigfoot Collision Course,5.64,5.66,11.23
138,34853,Bigfoot: King of Crush,5.99,8.59,18.82
139,30658,Biggest Loser Challenge,3.76,3.99,7.87
140,8609,Billy The Wizard,4.31,5.31,8.99
141,7273,Bionicle Heroes,6.44,8.00,23.16
142,19382,Birthday Party Bash,4.73,6.12,7.47
143,31726,Bit.Trip Complete,44.90,57.21,61.29
144,32389,Black Eyed Peas Experience,3.26,5.79,7.99
145,11356,Blast Works Build Trade Destroy,5.75,5.94,10.97
146,7277,Blazing Angels Squadrons of WWII,3.99,4.72,10.13
147,8621,Bleach Shattered Blade,6.64,10.22,33.50
148,15957,Block Party,3.99,6.77,10.34
149,16003,Bolt,4.35,6.55,10.59
150,14120,Bomberman Land,15.88,21.91,53.44
151,6786,Boogie,4.94,5.39,9.00
152,15722,Boogie SuperStar,3.64,5.52,18.41
153,31369,Boogie Superstar (Game only),3.29,4.28,9.94
154,13966,Boom Blox,6.16,9.10,18.49
155,19211,Boom Blox Bash Party,6.27,8.00,24.99
156,31347,Boot Camp,6.22,6.38,13.00
157,16112,Bratz: Girlz Really Rock!,6.99,7.38,19.66
158,21641,Bratz Kidz,2.99,8.90,18.00
159,10349,Bratz: The Movie,8.49,8.99,16.99
160,19461,Brave: A Warrior's Tale,3.05,6.98,8.47
161,32850,Brave The Video Game,5.65,6.58,12.68
162,16478,Broken Sword The Shadow of the Templars,6.43,11.00,21.25
163,15067,Brothers in Arms Double Time,6.33,7.68,12.56
164,30896,Brunswick Cosmic Bowling,10.47,10.75,21.65
165,7281,Brunswick Pro Bowling,6.09,7.05,15.00
166,19747,Buck Fever,6.48,6.86,13.22
167,19466,Build 'N Race,4.26,4.99,12.94
168,15786,Build-A-Bear Workshop: A Friend Fur All Seasons,4.53,5.91,8.75
169,21067,Build-A-Bear Workshop: Friendship Valley,4.99,6.99,9.99
170,11880,Bully Scholarship Edition,11.36,12.00,34.99
171,31139,Burger Bot,7.36,10.00,21.08
172,21636,Burger Island,6.72,6.85,19.95
173,7285,Bust-A-Move Bash,3.98,4.96,12.95
174,30647,Busy Scissors,5.50,5.70,11.00
175,32142,Cabela's Adventure Camp,6.99,7.95,19.02
176,34416,Cabela's African Adventures,6.23,8.06,14.99
177,2252794,Cabela's African Adventures [Gun Bundle],19.39,40.20,25.00
178,10541,Cabela's Big Game Hunter 2008,5.50,5.60,11.00
179,20391,Cabela's Big Game Hunter 2010,6.71,6.90,41.14
180,20390,Cabela's Big Game Hunter 2010 Gun Bundle,19.98,20.00,40.00
181,31779,Cabela's Big Game Hunter 2012,7.99,8.15,41.38
182,31781,Cabela's Big Game Hunter 2012 [Gun Bundle],33.33,48.00,96.00
183,4206089,Cabela's Big Game Hunter 2012 [Limited Edition 2 Pack],48.85,83.71,99.99
184,15059,Cabela's Dangerous Hunts 2009,3.35,4.55,10.90
185,4768616,Cabela's Dangerous Hunts 2011,15.37,23.99,57.48
186,30284,Cabela's Dangerous Hunts 2011 [Gun Bundle],18.77,25.99,37.44
187,30283,Cabela's Dangerous Hunts 2011 [Special Edition],5.18,7.06,14.46
188,33204,Cabela's Dangerous Hunts 2013,5.85,6.61,56.48
189,33205,Cabela's Dangerous Hunts 2013 [Gun Bundle],21.54,28.00,56.00
190,33208,Cabela's Hunting Expedition,7.99,10.56,16.99
191,14921,Cabela's Legendary Adventures,4.44,6.02,14.16
192,21668,Cabela's Monster Buck Hunter,5.85,9.14,29.15
193,21669,Cabela's Monster Buck Hunter [Gun Bundle],18.81,27.47,49.48
194,22006,Cabela's North American Adventures,5.53,6.09,16.63
195,3305886,Cabela's North American Adventures [Gun Bundle],22.26,31.00,62.00
196,19541,Cabela's Outdoor Adventures 2010,5.45,5.65,15.99
197,32146,Cabela's Survival: Shadows Of Katmai,4.80,6.00,13.73
198,32149,Cabela's Survival: Shadows Of Katmai [Gun Bundle],8.00,31.35,36.72
199,13875,Cabela's Trophy Bucks,6.64,8.00,12.68
200,21565,Cages: Pro Style Batting Practice,10.13,12.95,24.99
201,16062,Cake Mania In The Mix,4.99,5.51,13.00
202,7287,Call of Duty 3,5.21,5.82,11.00
203,30675,Call of Duty Black Ops,7.20,7.89,15.70
204,32091,Call of Duty Modern Warfare 3,7.50,8.44,13.99
205,19964,Call of Duty Modern Warfare Reflex,6.51,6.60,15.95
206,15934,Call of Duty World at War,3.56,5.33,14.72
207,21051,Calling,47.58,50.00,72.91
208,31348,Calvin Tucker's Redneck Farm Animal Racing Tournament,5.85,8.00,16.00
209,16081,Calvin Tucker's Redneck Jamboree,4.59,5.82,12.16
210,31148,Canada Hunt,5.99,8.70,17.47
211,16165,Candace Kane's Candy Factory,3.11,4.31,9.58
212,31613,Captain America: Super Soldier,10.19,11.89,39.99
213,7289,Carnival Games,5.51,5.82,12.13
214,14653,Carnival Games Mini Golf,6.50,8.17,16.63
215,7290,Cars,9.16,9.47,23.40
216,31514,Cars 2,6.42,7.85,17.59
217,10350,Cars Mater-National Championship,6.61,7.08,12.00
218,19727,Cars Race-O-Rama,5.87,5.99,12.00
219,643934,Cars Race-o-Rama [Wheel Bundle],24.06,36.09,72.20
220,30337,Cars Toon: Mater's Tall Tales,3.70,6.39,19.45
221,32265,Cartoon Network: Punch Time Explosion,15.50,15.50,38.82
222,22188,Casper Scare School: Spooky Sports Day,5.01,7.20,13.00
223,13227,Castle of Shikigami III,38.00,44.05,74.63
224,16019,Castlevania Judgment,15.92,17.47,27.20
225,16479,Cate West: The Vanishing Files,7.40,8.36,16.80
226,16319,Celebrity Sports Showdown,4.13,5.16,9.49
227,31886,Centipede: Infestation,9.37,10.64,14.36
228,31880,Champion Jockey: G1 Jockey & Gallop Racer,16.99,22.09,44.00
229,16022,Championship Foosball,4.14,5.49,6.83
230,3104995,Chaotic: Shadow Warrior [Walmart],8.99,18.95,69.99
231,21620,Chaotic: Shadow Warriors,3.51,7.06,19.99
232,19793,Charm Girls Club: Pajama Party,4.29,5.54,6.71
233,30897,Chevrolet Camaro: Wild Ride,5.48,7.04,7.89
234,21652,Chicken Blaster,4.86,5.12,11.37
235,30898,Chicken Blaster Bundle,11.92,15.50,20.95
236,11497,Chicken Little Ace In Action,5.68,5.89,8.48
237,21666,Chicken Riot,14.99,16.49,20.24
238,6787,Chicken Shoot,5.02,6.49,14.55
239,30900,Chicken Shoot Bundle,7.18,10.00,20.00
240,13811,Chronicles of Narnia Prince Caspian,5.46,6.45,14.70
241,16387,Chrysler Classic Racing,2.97,5.82,13.79
242,21598,Chuck E Cheese's Party Games,8.11,12.64,28.49
243,31008,Chuck E. Cheese's Sports Games,33.01,48.97,98.00
244,37239,Chuck E Cheese's Super Collection,29.95,29.99,60.00
245,16192,Cid the Dummy,7.49,8.59,10.76
246,16124,Circus Games,3.92,4.21,8.99
247,21367,City Builder,5.49,7.79,13.69
248,11038,Classic British Motor Racing,5.97,7.23,9.99
249,19595,Cloudy with a Chance of Meatballs,6.89,8.84,20.85
250,22045,Club Penguin: Game Day,5.14,5.81,12.08
251,40261,Club Penguin: Game Day Limited Edition,304.43,492.50,688.62
252,13989,Cocoto Kart Racer,5.68,7.95,13.14
253,14487,Cocoto Magic Circus,5.22,6.46,6.95
254,8746,Code Lyoko Quest for Infinity,7.37,7.99,27.89
255,20051,Cold Stone Creamery: Scoop It Up,5.52,6.60,10.46
256,26517,Colt's Wild West Shootout,9.21,12.49,16.00
257,31343,Conduit 2,33.24,35.25,55.50
258,31344,Conduit 2 [Limited Edition],20.80,40.00,57.71
259,19794,Cook Wars,6.97,7.25,15.00
260,32980,Cooking Mama 2 Pack,9.95,15.91,25.22
261,7299,Cooking Mama Cook Off,6.33,6.82,14.98
262,16025,Cooking Mama World Kitchen,5.94,6.41,12.39
263,16244,Coraline,61.15,65.39,86.26
264,7300,Cosmic Family,3.99,6.30,12.63
265,8766,Counter Force,4.50,6.45,6.93
266,31354,Country Dance,6.32,8.20,15.00
267,33878,Country Dance 2,5.99,7.68,13.28
268,4758849,Country Dance [Demo],,,
269,21643,Cradle of Rome,6.23,10.58,11.60
270,10875,Cranium Kabookii,5.07,5.14,8.95
271,15674,Crash Mind Over Mutant,10.61,15.24,30.00
272,8773,Crash of the Titans,8.66,11.95,33.47
273,22155,Crayola Colorful Journey,4.54,4.90,9.84
274,22156,Crazy Chicken Tales,11.43,14.85,17.66
275,32835,Crazy Machines,12.32,19.95,39.49
276,30740,Create,5.75,6.23,12.95
277,10542,Cruis'n,9.29,11.99,24.97
278,19559,Cruise Ship Vacation Games,4.72,6.33,9.39
279,19860,CSI: Crime Scene Investigation: Deadly Intent,6.86,8.14,15.88
280,30361,CSI: Fatal Conspiracy,5.99,7.68,14.50
281,14252,CSI Hard Evidence,5.20,6.13,15.55
282,19511,Cursed Mountain,16.94,16.99,31.03
283,40362,Cursed Mountain [Limited Edition],19.99,45.00,110.05
284,36666,Cyberbike Cycling Sports,99.99,217.95,436.00
285,19467,Daisy Fuentes Pilates,2.96,4.72,7.95
286,32953,Dance Dance Revolution,8.04,11.16,30.98
287,17475,Dance Dance Revolution: Disney Grooves,8.94,9.99,57.50
288,14260,Dance Dance Revolution Hottest Party,6.31,8.43,34.85
289,15617,Dance Dance Revolution Hottest Party 2,9.67,13.04,31.00
290,35226,Dance Dance Revolution: Hottest Party 2 (Game only),6.96,8.38,13.96
291,19873,Dance Dance Revolution: Hottest Party 3 Bundle,17.31,17.50,56.96
292,31454,Dance Dance Revolution: Hottest Party 3 (Game only),9.87,11.84,18.47
293,8802,Dance Dance Revolution Hottest Party Bundle,21.40,23.00,39.74
294,31836,Dance Dance Revolution II,10.16,11.94,19.18
295,34985,Dance Dance Revolution II Bundle,11.96,13.00,35.85
296,30901,Dance On Broadway,4.45,5.19,10.58
297,21106,Dance Sensation,5.81,10.38,11.99
298,10351,Dancing with the Stars,2.68,3.68,5.36
299,15784,Dancing With The Stars We Dance,3.15,3.92,7.32
300,20431,Data East Arcade Classics,27.74,35.00,73.69
301,8813,Dave Mirra BMX Challenge,4.37,4.89,14.79
302,19324,Dawn of Discovery,11.67,14.02,26.88
303,15063,De Blob,4.87,5.20,13.99
304,31128,De Blob 2,6.38,7.28,14.95
305,16313,Dead Rising Chop Til You Drop,8.55,9.19,21.19
306,19668,Dead Space Extraction,21.06,22.10,56.43
307,30784,Deadliest Catch: Sea of Chaos,4.99,5.47,11.56
308,16281,Deadly Creatures,15.73,18.97,19.64
309,16218,Deal or No Deal,4.02,5.99,10.43
310,30903,Deal or No Deal: Special Edition,4.88,6.91,13.24
311,13815,Death Jr Root of Evil,9.95,13.76,27.33
312,14262,Deca Sports,5.99,6.68,15.00
313,19669,Deca Sports 2,6.98,7.49,20.94
314,30353,Deca Sports 3,8.91,9.25,19.70
315,4133971,Deca Sports [Fan Favorites],3.73,9.78,20.00
316,3654405,Deca Sports [Not For Resale],,,
317,32098,Deepak Chopra: Leela,4.80,5.85,8.03
318,16471,Deer Drive,5.06,5.66,23.36
319,31364,Deer Drive Gun Bundle,10.33,11.50,24.72
320,33371,Deer Drive Legends,10.85,26.53,42.44
321,22126,Def Jam Rapstar,5.46,7.40,14.67
322,22125,Def Jam Rapstar [Microphone Bundle],8.57,9.98,20.00
323,14662,Defendin' de Penguin,4.44,5.90,7.58
324,21557,Despicable Me,7.46,8.25,20.82
325,11881,Destroy All Humans Big Willy Unleashed,5.39,6.86,19.99
326,7305,Dewy's Adventure,7.18,9.92,21.58
327,36724,Dino Strike,26.35,27.74,88.54
328,19582,Dirt 2,4.59,9.18,18.39
329,30360,Disney Channel All Star Party,5.35,5.90,17.85
330,5154443,Disney Infinity [Game Only],,,
331,34172,Disney Infinity Starter Pack,9.30,11.54,22.64
332,19228,Disney Pixar Up,6.28,6.81,13.87
333,34144,Disney Planes,6.97,8.56,15.09
334,10352,Disney Princess Enchanted Journey,7.50,7.90,17.88
335,4812873,Disney Princess: Enchanted Journey & Tangled,38.10,49.99,113.49
336,32204,Disney Princess: Enchanting Storybooks,4.95,5.39,9.99
337,33116,Disney Princess: My Fairytale Adventure,12.16,12.35,19.08
338,16377,Disney Sing It,2.98,5.99,18.32
339,15748,Disney Sing It Bundle,7.99,10.45,21.00
340,21784,Disney Sing It: Family Hits,8.90,10.09,22.23
341,21785,Disney Sing It: Family Hits with Microphone,7.26,26.63,29.94
342,16298,Disney Sing It High School Musical 3,5.25,5.99,6.68
343,16299,Disney Sing It High School Musical 3 [Bundle],11.93,15.51,31.00
344,22177,Disney Sing It: Party Hits,6.12,6.56,22.53
345,22174,Disney Sing It: Party Hits (Game & Microphone),12.64,13.12,26.63
346,19692,Disney Sing It: Pop Hits,5.63,5.69,16.98
347,19690,Disney Sing It: Pop Hits with Microphone,8.11,10.54,21.00
348,31927,Disney Universe,5.48,6.22,10.00
349,19295,Diva Girls: Divas On Ice,3.58,5.28,4.78
350,30289,DJ Hero 2,4.17,5.11,5.25
351,5134184,DJ Hero 2 [Not For Resale],,,
352,30290,DJ Hero 2 [Party Bundle],22.00,33.11,54.99
353,30291,DJ Hero 2 [Turntable Bundle],27.37,34.09,46.13
354,33428,DJ Hero (game only),4.20,4.55,5.00
355,19838,DJ Hero Renegade Edition,33.33,54.65,99.99
356,19834,DJ Hero [Turntable Bundle],6.92,24.12,48.74
357,21624,Doctor Fizzwhizzle's Animal Rescue,4.95,6.58,13.00
358,21633,Dodge Racing: Charger vs. Challenger,7.29,10.12,25.49
359,15727,Dokapon Kingdom,59.73,75.57,169.15
360,20386,Domino Rally,5.97,6.30,14.74
361,17473,Don King Boxing,6.32,8.57,16.33
362,8852,Donkey Kong Barrel Blast,15.00,16.04,52.49
363,30775,Donkey Kong Country Returns,13.98,14.71,37.43
364,30743,Dood's Big Adventure,3.83,4.51,6.21
365,30749,Dora's Big Birthday Adventure,6.05,6.81,8.91
366,19969,Dora the Explorer: Dora Saves the Crystal Kingdom,4.75,4.90,10.83
367,15831,Dora the Explorer Dora Saves the Snow Princess,4.79,5.89,15.00
368,22187,Dragon's Lair Trilogy,38.20,38.61,61.16
369,19795,Dragon Ball: Revenge of King Piccolo,31.97,40.00,59.99
370,7311,Dragon Ball Z Budokai Tenkaichi 2,17.65,18.98,49.63
371,10876,Dragon Ball Z Budokai Tenkaichi 3,40.32,46.00,150.00
372,4687188,Dragon Ball Z Budokai Tenkaichi 3 [Bonus Disc Bundle],,,
373,8863,Dragon Blade Wrath Of Fire,5.95,6.79,14.95
374,12099,Dragon Quest Swords The Masked Queen and the Tower of Mirrors,11.99,18.61,36.76
375,19874,Drawn to Life: The Next Chapter,4.25,4.46,9.38
376,71860,Drawsome Games,3.71,4.82,10.00
377,32377,Drawsome Tablet,14.48,18.83,27.88
378,32395,Dream Dance & Cheer,4.99,5.16,8.13
379,13145,Dream Pinball 3D,5.62,6.99,8.68
380,21665,Dream Salon,7.15,7.60,15.00
381,32271,Dreamworks Super Star Kartz,8.99,11.38,12.99
382,32273,Dreamworks Super Star Kartz with Wheel,8.94,12.41,25.00
383,6788,Driver Parallel Lines,7.54,7.71,28.49
384,31694,Driver: San Francisco,9.90,11.08,23.39
385,10543,EA Smarty Pants,4.00,4.47,9.79
386,19212,EA Sports Active,6.38,7.23,16.92
387,30745,EA Sports Active 2,7.05,13.40,27.00
388,5075776,EA Sports Active Accessory Pack,5.00,7.50,14.99
389,20017,EA Sports Active: More Workouts,6.27,6.95,14.00
390,4081429,EA Sports Active More Workouts [Game Only],,,
391,30736,EA Sports Active NFL Training Camp,4.37,8.00,12.50
392,37236,El Chavo,31.98,33.49,69.00
393,7321,Elebits,7.49,7.87,21.78
394,13816,Emergency Heroes,5.03,8.99,21.48
395,13222,Emergency Mayhem,6.56,6.74,11.61
396,11866,Endless Ocean,7.50,8.95,22.94
397,20777,Endless Ocean: Blue World,12.06,13.00,18.35
398,1313776,Endless Ocean: Blue World [Controller Bundle],15.33,22.22,44.98
399,30791,Epic Mickey,4.02,5.03,14.87
400,33400,Epic Mickey 2: The Power of Two,7.86,8.86,15.00
401,30792,Epic Mickey [Collector's Edition],16.67,38.95,49.95
402,2252594,Epic Mickey [Not for Resale],,,
403,6789,Escape From Bug Island,11.95,17.91,36.08
404,17651,Escape the Museum,11.19,11.57,18.97
405,7323,Excite Truck,6.69,9.95,39.67
406,18725,Excitebots: Trick Racing,8.66,8.84,24.99
407,747584,Excitebots: Trick Racing [Refurbished],,,
408,70388,Excitebots: Trick Racing [Wheel Bundle],19.91,25.88,29.23
409,31434,ExerBeat,7.82,13.80,14.85
410,32354,F1 2009,37.41,39.90,128.45
411,15953,FaceBreaker K.O. Party,5.70,7.25,14.18
412,19671,Family Feud: 2010 Edition,4.64,6.19,15.08
413,32431,Family Feud 2012,18.24,18.99,19.99
414,30701,Family Feud Decades,6.21,7.12,16.27
415,19672,Family Fun Football,5.36,6.95,17.47
416,21277,Family Game Show,5.59,6.83,11.65
417,16106,Family Party: 30 Great Games,4.25,4.54,9.95
418,19641,Family Party: 30 Great Games Outdoor Fun,3.99,5.85,8.95
419,20395,Family Party: 30 Great Games Winter Fun,5.62,7.96,10.38
420,30907,Family Party: 90 Great Games Party Pack,7.00,9.95,18.18
421,22046,Family Party: Fitness Fun,6.34,7.47,10.79
422,6791,Fantastic Four: Rise of the Silver Surfer,4.82,5.37,10.00
423,18735,Fantasy Aquarium World,5.45,5.92,13.52
424,7325,Far Cry Vengeance,3.79,6.41,15.96
425,20342,Fast Food Panic,8.72,8.78,19.00
426,14622,Ferrari Challenge,6.41,7.08,16.89
427,11079,FIFA 08,3.87,4.46,12.74
428,15718,FIFA 09 All-Play,5.10,5.40,10.83
429,153006,FIFA 14,39.99,41.49,83.00
430,155191,FIFA 14 [Edicion Legado],69.99,109.99,220.00
431,35071,FIFA 15: Legacy Edition,13.03,13.11,27.49
432,19777,FIFA Soccer 10,5.40,5.61,8.75
433,22055,FIFA Soccer 11,6.18,6.50,18.67
434,31762,FIFA Soccer 12,6.07,6.20,20.00
435,33120,FIFA Soccer 13,6.49,8.25,22.03
436,20120,Final Fantasy Crystal Chronicles: Crystal Bearers,12.00,12.58,34.95
437,16477,Final Fantasy Crystal Chronicles: Echoes of Time,12.56,15.82,39.99
438,14065,Final Fantasy Fables Chocobo's Dungeon,17.97,18.92,50.67
439,10353,Fire Emblem Radiant Dawn,109.92,109.94,156.37
440,7332,Fishing Master,7.49,9.90,16.21
441,18540,Fishing Master World Tour,7.00,10.97,22.91
442,32358,Fishing Resort,48.05,49.95,78.99
443,91077,Fishing Resort [Rod Bundle],84.35,150.00,159.99
444,31070,Fit in Six,3.99,6.31,11.61
445,31071,Fit in Six Camera Bundle,10.30,13.39,19.99
446,30908,FlatOut,9.07,9.07,22.95
447,31872,FlingSmash,6.77,7.05,8.26
448,31871,FlingSmash [Controller Bundle],15.33,25.88,45.98
449,30336,Flip's Twisted World,6.00,6.38,14.76
450,19934,Food Network: Cook or Be Cooked,6.00,6.52,10.95
451,14095,Ford Racing Off Road,5.99,6.40,13.14
452,32379,Fortune Street,25.05,26.07,40.32
453,21068,Fragile Dreams: Farewell Ruins of The Moon,72.66,83.15,110.00
454,14626,Freddi Fish Kelp Seed Mystery,11.14,12.99,33.42
455,20432,Free Running,11.99,16.71,24.99
456,32440,Fritz Chess,109.99,129.99,136.59
457,3872215,Front Man Wireless Guitar,,,
458,11359,Furu Furu Park,5.55,7.22,9.99
459,19393,G-Force,3.82,5.72,13.55
460,16020,Gallop and Ride,5.40,7.12,12.80
461,10877,Game Party,3.48,5.47,11.33
462,15686,Game Party 2,5.30,7.49,11.07
463,19717,Game Party 3,7.99,8.85,14.25
464,32155,Gem Smashers,5.29,7.17,13.99
465,31900,Generator Rex: Agent of Providence,3.86,4.87,6.27
466,10878,Geometry Wars Galaxies,8.99,9.99,19.99
467,21627,Geon Cube,6.75,8.40,17.00
468,14415,George of the Jungle and the Search for the Secret,4.95,5.97,10.44
469,22090,Get Fit With Mel B,19.19,22.15,26.00
470,32359,Get Up And Dance,4.55,9.50,13.65
471,30737,Ghost Recon,7.36,8.95,13.51
472,10879,Ghost Squad,9.22,10.39,19.95
473,19288,Ghostbusters: The Video Game,8.22,8.99,19.99
474,19455,G.I. Joe: The Rise of Cobra,5.20,7.52,14.64
475,21619,Glacier 2,3.49,4.37,9.41
476,30912,Glacier 3: The Meltdown,5.21,6.41,9.84
477,15833,"Go, Diego, Go: Great Dinosaur Rescue",5.37,7.25,21.00
478,16090,"Go, Diego, Go: Safari Rescue",5.44,5.54,14.99
479,19270,Go Play Circus Star,3.45,3.84,6.58
480,19581,Go Play City Sports,5.64,6.14,12.49
481,19271,Go Play Lumberjacks,4.99,6.02,12.41
482,31824,Go Vacation,13.96,15.34,27.17
483,10544,Godzilla Unleashed,29.99,33.56,81.35
484,18477,Gold's Gym Cardio Workout,3.71,5.41,8.50
485,21925,Gold's Gym Dance Workout,4.50,6.99,11.98
486,15853,Goosebumps HorrorLand,8.46,8.71,18.99
487,22026,Gormiti: The Lords of Nature!,7.20,12.94,13.73
488,19267,Grand Slam Tennis,6.07,7.73,16.00
489,21949,Grease,4.90,5.81,11.72
490,21533,Green Day: Rock Band,16.99,17.99,37.97
491,31459,Green Lantern: Rise of the Manhunters,6.29,6.42,7.77
492,22037,Greg Hastings Paintball 2,5.91,5.98,11.66
493,35476,Gremlins Gizmo,13.68,16.93,38.22
494,16367,Grey's Anatomy The Video Game,17.49,18.23,29.99
495,11149,Grim Adventures of Billy & Mandy,11.45,12.66,27.01
496,19489,Groovin' Blocks,4.95,8.13,14.00
497,7342,GT Pro Series,3.94,7.13,17.93
498,30913,GT Pro Series (with Racing Wheel),4.81,6.25,13.00
499,22157,GTI Club Supermini Festa,27.99,37.00,74.00
500,10354,Guilty Gear XX Accent Core,15.03,16.99,43.91
501,21645,Guilty Gear XX Accent Core Plus,47.65,50.54,129.99
502,21951,Guilty Party,6.99,8.06,18.50
503,15959,Guinness World Records The Video Game,4.40,4.42,8.34
504,19546,Guitar Hero 5,17.81,21.84,34.35
505,19545,Guitar Hero 5 [Guitar Bundle],59.23,84.00,139.97
506,14039,Guitar Hero Aerosmith,6.99,7.11,9.81
507,14086,Guitar Hero Aerosmith [Bundle],48.00,64.93,110.57
508,40541,Guitar Hero III & Guitar Hero Aerosmith Dual Pack,22.12,22.35,39.90
509,21997,Guitar Hero III Legends of Rock,16.66,17.44,34.99
510,10355,Guitar Hero III Legends of Rock [Bundle],76.00,82.39,114.57
511,4786388,Guitar Hero III Legends of Rock [Not For Resale],14.78,17.20,42.19
512,17468,Guitar Hero: Metallica,33.00,33.56,62.47
513,19293,Guitar Hero Smash Hits,34.97,34.99,54.20
514,20117,Guitar Hero: Van Halen,21.75,27.85,42.62
515,22078,Guitar Hero: Warriors of Rock,19.97,20.00,40.92
516,22083,Guitar Hero: Warriors of Rock [Guitar Bundle],100.47,135.06,160.00
517,22084,Guitar Hero: Warriors of Rock [Super Bundle],122.12,220.00,224.99
518,15657,Guitar Hero World Tour,11.33,12.06,28.89
519,15810,Guitar Hero World Tour [Band Kit],5.10,199.98,350.00
520,31519,Gummy Bears Magic Medallion,6.55,6.59,9.07
521,31129,Gummy Bears Minigolf,4.86,6.55,11.00
522,32823,Gunblade NY & LA Machineguns Arcade Hits Pack,65.35,78.19,101.99
523,31542,Gunslingers,35.00,38.45,55.73
524,1297730,Gunslingers [Revolver Bundle],101.25,178.75,202.50
525,30914,Hall of Fame Ultimate Hoops Challenge,6.30,6.63,11.95
526,10545,Hannah Montana Spotlight World Tour,2.94,5.11,8.82
527,17645,Hannah Montana: The Movie,3.66,4.81,7.87
528,7344,Happy Feet,4.67,4.98,10.20
529,32103,Happy Feet Two,5.44,5.99,8.74
530,30915,Harley-Davidson: Road Trip,6.49,7.20,13.32
531,33065,Harley Pasternak Hollywood Workout,3.18,7.42,8.98
532,30739,Harry Potter and the Deathly Hallows: Part 1,7.14,8.99,19.99
533,31557,Harry Potter and the Deathly Hallows: Part 2,9.13,13.97,22.47
534,19343,Harry Potter and the Half-Blood Prince,6.44,7.25,19.82
535,6792,Harry Potter and the Order of the Phoenix,6.61,7.30,29.47
536,19965,Harvest Moon: Animal Parade,22.21,24.41,44.71
537,19512,Harvest Moon Magical Melody,12.92,14.06,21.22
538,15639,Harvest Moon Tree of Tranquility,13.73,15.25,26.49
539,11055,Harvey Birdman Attorney at Law,9.63,11.18,14.99
540,15960,Hasbro Family Game Night,7.66,9.50,16.93
541,19865,Hasbro Family Game Night 2,6.99,7.68,15.49
542,30352,Hasbro Family Game Night 3,13.61,13.84,43.37
543,31897,Hasbro Family Game Night 4: The Game Show,10.27,12.87,27.99
544,32169,Hasbro Family Game Night Fun Pack,19.99,20.89,22.83
545,32926,Hasbro Family Game Night Value Pack,14.95,14.97,41.81
546,22142,Haunted House,7.24,7.56,18.68
547,16362,HAWX 2,5.11,7.59,11.71
548,31141,Heathcliff: The Fast and The Furriest,3.85,7.06,9.36
549,7345,Heatseeker,7.19,7.29,17.50
550,16347,Heavenly Guardian,6.79,7.69,13.02
551,32108,Heavy Fire: Afghanistan,14.95,16.27,45.00
552,14649,Hell's Kitchen,7.11,11.34,22.99
553,30793,Hello Kitty Seasons,5.98,7.29,13.38
554,19074,Help Wanted: 50 Wacky Jobs,6.99,8.19,16.49
555,21625,Hidden Mysteries: Titanic,6.95,8.13,11.70
556,15780,High School Musical 3 Senior Year Dance,2.41,5.42,8.73
557,10546,High School Musical Sing It,4.38,6.03,13.55
558,10547,High School Musical Sing It Bundle,3.09,9.72,15.38
559,10880,History Channel Battle For the Pacific,5.99,7.89,16.00
560,22144,Hollywood Squares,5.37,6.47,13.00
561,31132,Honda ATV Fever,5.75,5.99,12.99
562,10372,Hooked,5.90,5.90,39.99
563,37708,Hooked Again,5.48,6.49,22.73
564,19797,Horse Life Adventures,9.46,9.95,22.40
565,20018,Hot Wheels: Battle Force 5,5.26,6.38,19.99
566,9129,Hot Wheels Beat That,5.85,6.33,14.98
567,30770,Hot Wheels: Track Attack,6.00,6.05,14.93
568,16863,Hotel For Dogs,4.31,5.96,10.52
569,21096,How to Train Your Dragon,7.65,8.12,23.23
570,34930,How to Train Your Dragon 2,9.39,11.97,24.00
571,31493,Hyper Fighters,13.00,16.99,16.99
572,21647,Hysteria Hospital: Emergency Ward,6.15,8.11,11.07
573,31359,I Love Horses: Rider's Paradise,7.16,9.30,19.00
574,37279,I Spy Game Pack: Ultimate and Spooky Mansion,8.95,10.00,14.23
575,30340,I Spy: Spooky Mansion,6.65,7.78,10.99
576,21659,iCarly,5.50,5.89,8.00
577,32824,iCarly 2: iJoin the Click,4.99,6.36,7.00
578,30918,iCarly [Pillowcase Bundle],5.00,7.50,15.00
579,11120,Ice Age 2 The Meltdown,5.47,6.53,18.33
580,32907,Ice Age: Continental Drift Arctic Games,6.22,7.33,24.95
581,19352,Ice Age: Dawn of the Dinosaurs,7.45,7.64,27.00
582,14654,Igor The Game,3.70,7.47,8.32
583,16346,Imagine: Fashion Party,4.11,4.53,9.00
584,15955,Imagine Party Babyz,4.87,5.90,6.99
585,21639,Impossible Mission,4.34,8.16,10.16
586,19272,Indiana Jones and the Staff of Kings,7.17,8.21,22.99
587,10548,Indianapolis 500 Legends,4.70,6.03,7.74
588,16045,Iron Chef America Supreme Cuisine,3.99,5.00,9.88
589,13905,Iron Man,5.64,7.08,15.57
590,21271,Iron Man 2,5.48,7.48,17.52
591,21943,Ivy the Kiwi,44.50,58.01,100.00
592,31149,JaJa's Adventure,4.41,23.96,48.00
593,20020,Jambo! Safari Animal Rescue,8.37,9.29,20.24
594,32366,Jaws: Ultimate Predator,9.99,12.88,26.00
595,14424,Jeep Thrills,4.52,4.61,8.81
596,4928490,Jeep Thrills [Bundle],,,
597,21667,Jelly Belly: Ballistic Beans,3.97,4.09,7.49
598,10881,Jenga,6.45,7.25,10.31
599,30653,Jeopardy,6.42,7.29,12.72
600,50815,Jerry Rice & Nitus' Dog Football,9.25,9.26,9.96
601,30921,Jewel Quest Trilogy,7.76,8.55,13.99
602,15777,Jillian Michaels' Fitness Ultimatum 2009,1.71,3.33,5.24
603,19718,Jillian Michaels' Fitness Ultimatum 2010,3.18,4.14,5.99
604,32943,Jillian Michaels' Fitness Ultimatum 2011,3.89,5.32,8.37
605,31847,Jimmie Johnson's Anything with an Engine,4.72,5.00,11.44
606,19748,JU-ON: The Grudge,70.00,85.01,228.15
607,11878,Jumper,4.17,4.96,7.43
608,32837,JumpStart: Crazy Karts,6.98,8.09,13.67
609,21664,JumpStart: Escape from Adventure Island,7.43,7.98,19.92
610,32836,JumpStart: Get Moving Family Fitness,5.45,7.76,14.00
611,19580,JumpStart Pet Rescue,6.69,7.48,23.85
612,30925,Junior League Sports,3.98,6.08,10.47
613,19913,Jurassic: The Hunted,10.79,13.34,28.72
614,20022,Just Dance,4.30,7.41,11.94
615,22186,Just Dance 2,6.18,6.52,10.00
616,2578872,Just Dance 2 [Best Buy Edition],3.05,,13.42
617,34318,Just Dance 2014,7.96,9.04,14.69
618,35191,Just Dance 2015,7.09,9.64,19.33
619,3362181,Just Dance 2015 [Nintendo Selects],9.35,12.18,12.99
620,36152,Just Dance 2016,10.24,10.58,24.44
621,37045,Just Dance 2017,13.08,13.33,17.60
622,40324,Just Dance 2018,15.69,18.49,25.83
623,53876,Just Dance 2019,19.88,21.93,27.23
624,65504,Just Dance 2020,29.99,32.99,53.09
625,31807,Just Dance 3,4.24,5.78,12.61
626,2578873,Just Dance 3 [Best Buy Edition],3.14,,29.99
627,3346528,Just Dance 3 [Target Edition],5.75,7.75,14.98
628,33162,Just Dance 4,9.14,9.36,19.00
629,33215,Just Dance Disney Party,7.24,8.71,19.99
630,36161,Just Dance: Disney Party 2,11.45,12.97,24.53
631,32888,Just Dance Greatest Hits,12.30,14.24,38.53
632,30699,Just Dance Kids,3.73,5.56,15.00
633,31882,Just Dance Kids 2,5.99,6.09,12.06
634,34430,Just Dance Kids 2014,7.05,9.99,11.67
635,31616,Just Dance Summer Party,7.85,8.66,16.99
636,20024,Kamen Rider: Dragon Knight,31.99,40.51,60.99
637,33236,Karaoke Joysound,7.64,8.49,17.78
638,33237,Karaoke Joysound Bundle (1 mic),,,
639,20040,Karaoke Revolution,7.07,10.47,14.75
640,15999,Karaoke Revolution American Idol Encore 2,6.82,9.95,21.95
641,11869,Karaoke Revolution American Idol Encore Bundle,6.71,6.76,14.00
642,4199909,Karaoke Revolution American Idol Encore [Game Only],7.99,10.39,23.97
643,30700,Karaoke Revolution: Glee,4.66,5.99,9.24
644,31299,Karaoke Revolution: Glee 2,6.67,7.76,10.72
645,31300,Karaoke Revolution: Glee 2 [Microphone Bundle],7.65,9.95,20.00
646,32336,Karaoke Revolution Glee Vol 3,6.88,6.99,15.18
647,32339,Karaoke Revolution Glee Vol 3 Bundle,18.85,24.50,49.00
648,31142,Kart Racer,4.24,4.70,12.99
649,11870,Kawasaki Jet Ski,4.88,5.80,13.76
650,16879,Kawasaki Quad Bikes,3.24,4.85,8.89
651,16861,Kawasaki Snowmobiles,5.25,5.43,10.15
652,30927,Kevin VanDam's Big Bass Challenge,5.36,7.99,19.30
653,30926,Kevin VanDam's Big Bass Challenge (Game & Fishing Rod),10.00,14.92,26.89
654,30948,Kid Adventures: Sky Captain,7.09,8.96,15.43
655,22100,Kid Fit: Island Resort,7.41,7.64,9.00
656,32411,Kidz Bop Dance Party! The Video Game,7.10,7.81,19.99
657,14803,Kidz Sports Basketball,4.94,5.39,14.21
658,14978,Kidz Sports Crazy Golf,5.79,7.08,11.44
659,21634,Kidz Sports: Crazy Mini Golf 2,6.66,7.71,15.00
660,14113,Kidz Sports: Ice Hockey,5.09,5.99,10.18
661,12951,Kidz Sports International Soccer,5.00,5.45,10.00
662,13217,King of Clubs,3.49,4.99,8.20
663,15860,King of Fighters Collection The Orochi Saga,17.07,22.00,44.99
664,33056,Kirby's Dream Collection: Special Edition,44.48,57.57,119.99
665,30334,Kirby's Epic Yarn,13.90,14.26,34.28
666,747583,Kirby's Epic Yarn [Refurbished],,,
667,31877,Kirby's Return to Dream Land,21.26,26.17,64.97
668,18739,Klonoa,32.17,32.17,137.05
669,7369,Kororinpa Marble Mania,17.95,19.23,38.51
670,13866,Kung Fu Panda,5.06,8.14,15.54
671,31442,Kung Fu Panda 2,5.00,6.67,6.78
672,16419,Kung Fu Panda: Legendary Warriors,8.36,8.37,14.99
673,15759,Legend of Spyro Dawn of the Dragon,13.04,17.13,47.93
674,9836,Legend of Spyro The Eternal Night,11.69,14.50,39.00
675,7372,Legend of the Dragon,5.50,6.99,8.99
676,22011,Legend of the Guardians: The Owls of Ga'Hoole,5.28,6.53,7.99
677,32854,LEGO Batman 2,4.04,5.45,14.15
678,15018,LEGO Batman The Videogame,4.00,6.64,11.99
679,36267,LEGO Batman The Videogame [Silver Shield],2.13,6.65,19.95
680,21566,LEGO Harry Potter: Years 1-4,5.63,6.49,12.99
681,37953,LEGO Harry Potter: Years 1-4 [Collector's Edition],10.77,16.50,33.00
682,63070,LEGO Harry Potter: Years 1-4 [Silver Shield],4.10,6.25,13.00
683,32120,LEGO Harry Potter Years 5-7,7.76,9.01,16.60
684,19997,LEGO Indiana Jones 2: The Adventure Continues,4.16,5.28,15.48
685,13859,LEGO Indiana Jones The Original Adventures,5.81,5.97,16.65
686,33335,LEGO Lord Of The Rings,7.65,9.16,21.94
687,31410,LEGO Pirates of the Caribbean: The Video Game,6.49,8.46,22.47
688,19918,LEGO Rock Band,5.90,9.21,17.34
689,10549,LEGO Star Wars Complete Saga,6.07,6.65,14.99
690,31100,LEGO Star Wars III: The Clone Wars,6.72,7.54,16.17
691,2529488,LEGO Star Wars III: The Clone Wars [Figure Bundle],8.59,11.95,24.00
692,32794,Let's Dance,10.33,18.89,26.09
693,31360,Let's Paint,4.56,4.97,7.64
694,21366,Let's Play Ballerina,5.99,8.50,13.00
695,21357,Let's Play Garden,5.85,6.59,8.51
696,36255,Let's Sing 2016,38.98,42.22,45.00
697,36254,Let's Sing 2016 Microphone Bundle,38.31,49.80,66.28
698,19297,Let's Tap,7.01,8.01,14.37
699,4643933,Let's Tap [Best Buy Limited Edition],7.19,8.74,22.99
700,14445,Line Rider 2 Unbound,2.99,5.28,11.00
701,32418,Link's Crossbow Training,6.80,8.04,9.88
702,19407,Little King's Story,24.49,24.99,36.37
703,14452,Little League World Series Baseball 2008,8.10,9.61,21.00
704,19325,Little League World Series Baseball 2009,11.37,12.74,28.32
705,21602,Little League World Series Double Play,15.03,18.52,32.99
706,15726,Littlest Pet Shop,6.17,8.00,14.36
707,19798,Littlest Pet Shop Friends,6.16,6.83,19.41
708,12098,London Taxi Rush Hour,6.58,7.34,10.34
709,10787,Looney Tunes Acme Arsenal,4.73,6.40,14.01
710,21998,Lord of the Rings: Aragorn's Quest,7.08,7.79,10.10
711,15066,Lost in Blue Shipwrecked,9.74,9.92,34.13
712,30842,Lost in Shadow,26.14,34.94,49.50
713,157663,Lucha Libre AAA: Heroes Del Ring,37.55,48.81,98.00
714,15962,Luxor 3,6.67,6.69,9.00
715,11750,Luxor Pharaoh's Challenge,6.84,9.54,14.18
716,16430,M&M's Adventure,6.96,8.40,12.99
717,16402,M&M's Beach Party,2.99,4.07,8.77
718,10356,M&M's Kart Racing,5.11,6.93,14.00
719,22158,Mad Dog McCree: Gunslinger Pack,31.33,35.00,35.44
720,32807,Madagascar 3,4.47,4.91,9.85
721,15899,Madagascar Escape 2 Africa,4.44,4.88,6.50
722,21347,Madagascar Kartz,5.62,6.48,12.38
723,7375,Madden 2007,4.53,4.80,10.00
724,6793,Madden 2008,4.67,5.15,8.90
725,14181,Madden 2009 All-Play,2.81,5.03,7.99
726,19480,Madden NFL 10,4.48,4.56,11.47
727,21865,Madden NFL 11,4.72,5.16,14.99
728,4890411,Madden NFL 11 [Breast Cancer],,,
729,31674,Madden NFL 12,6.31,6.62,9.94
730,33007,Madden NFL 13,8.99,9.70,28.45
731,4890414,Madden NFL 2009 [Breast Cancer Slipcover],,,
732,16397,MadWorld,12.53,12.99,23.60
733,21001,Major League Baseball 2K10,5.48,5.80,12.95
734,31027,Major League Baseball 2K11,6.99,7.99,19.21
735,32586,Major League Baseball 2K12,10.03,12.89,29.61
736,11875,Major League Baseball 2K8,3.97,4.84,14.99
737,16351,Major League Baseball 2K9,4.94,5.98,16.48
738,17474,Major Minor's Majestic March,4.13,7.93,8.84
739,31380,Man vs. Wild,6.93,6.94,8.99
740,10357,Manhunt 2,13.00,16.92,48.40
741,16403,Marble Saga Kororinpa,12.16,12.40,21.01
742,15068,Margot's Word Brain,4.64,5.09,8.41
743,20052,Marines: Modern Urban Combat,3.99,8.24,16.00
744,32285,Mario & Sonic at the London 2012 Olympic Games,13.43,13.99,37.32
745,10550,Mario and Sonic at the Olympic Games,10.00,10.25,16.47
746,19749,Mario and Sonic at the Olympic Winter Games,10.00,11.65,25.00
747,13229,Mario Kart Wii,24.55,26.10,47.00
748,747587,Mario Kart Wii [Refurbished],26.59,26.59,53.00
749,32725,Mario Kart Wii [Wheel Bundle],27.88,29.64,70.03
750,747580,Mario Kart Wii [Wheel Bundle Refurbished],,,
751,10788,Mario Party 8,24.99,25.48,59.99
752,32624,Mario Party 9,39.50,45.03,62.94
753,2905802,Mario Power Tennis [Nintendo Selects],14.53,14.99,28.70
754,30981,Mario Sports Mix,20.06,26.66,60.40
755,6794,Mario Strikers Charged,13.97,14.48,39.46
756,32646,Mario Strikers Charged [Nintendo Selects],14.58,15.69,36.16
757,14625,Mario Super Sluggers,25.64,33.85,64.97
758,32644,Mario Super Sluggers [Nintendo Selects],33.45,33.74,48.95
759,30866,Martian Panic,6.63,7.08,13.65
760,30929,Martian Panic (Game & Gun Bundle),14.66,30.62,43.98
761,19799,Marvel Super Hero Squad,7.50,8.29,24.95
762,32313,Marvel Super Hero Squad: Comic Combat,6.79,7.00,8.99
763,30747,Marvel Super Hero Squad: The Infinity Gauntlet,6.70,7.92,18.99
764,7378,Marvel Ultimate Alliance,5.20,7.89,26.67
765,19603,Marvel Ultimate Alliance 2,6.07,8.01,19.42
766,30931,Mathews Bowhunting,5.85,7.64,17.99
767,31143,Mathews Bowhunting (with Bow),22.26,31.00,62.00
768,32410,Maximum Racing: Crash Car Racer,16.05,23.61,47.00
769,31040,Maximum Racing: Drag & Stock Racer,16.93,19.50,39.00
770,31039,Maximum Racing: GP Classic Racing,5.45,14.49,29.00
771,58171,Maximum Racing: Rally Racer,34.92,34.93,69.30
772,68632,Maximum Racing: Sprint Cars,33.29,50.00,100.00
773,31518,Maximum Racing: Super Karts,33.33,50.00,100.00
774,37334,Maximum Racing: Super Truck Racer,71.96,82.99,166.00
775,10551,Medal of Honor Heroes 2,5.99,6.38,15.39
776,7384,Medal of Honor Vanguard,5.16,5.18,12.25
777,19803,Medieval Games,3.96,5.15,9.75
778,6795,Meet the Robinsons,4.40,7.75,15.00
779,30630,MegaMind: Mega Team Unite,4.45,5.45,6.95
780,32755,Men In Black: Alien Crisis,6.56,7.22,9.99
781,6796,Mercury Meltdown Revolution,5.53,6.42,7.50
782,16021,Merv Griffin's Crosswords,4.50,4.72,10.72
783,7385,Metal Slug Anthology,15.57,20.00,43.63
784,21969,Metroid: Other M,12.00,12.63,21.04
785,747590,Metroid: Other M [Refurbished],,,
786,7386,Metroid Prime 3 Corruption,9.89,12.44,39.99
787,36281,Metroid Prime Trilogy,69.54,69.66,160.89
788,19510,Metroid Prime Trilogy [Collector's Edition],69.99,70.00,147.28
789,747589,Metroid Prime Trilogy [Refurbished],,,
790,30760,Michael Jackson: The Experience,14.82,16.22,33.74
791,2158332,Michael Jackson: The Experience [Walmart Edition],17.12,27.99,56.00
792,10358,Mini Desktop Racing,3.99,5.05,6.49
793,3401595,Mini-Golf: King of Clubs,5.38,6.99,14.00
794,32398,Mini Golf Resort,12.97,14.93,27.63
795,19552,Mini Ninjas,8.88,8.95,22.14
796,13147,MiniCopter Adventure Flight,6.00,9.07,18.00
797,30934,Minute to Win It,3.35,4.03,7.16
798,9362,MLB Power Pros,10.04,10.44,27.25
799,14384,MLB Power Pros 2008,16.66,17.47,33.00
800,15954,MLB Superstars,4.56,5.90,9.99
801,13221,Monkey King The Legend Begins,6.18,7.00,11.28
802,15964,Monkey Mischief Party Time,5.10,5.82,11.89
803,16258,Monopoly,8.00,8.33,19.99
804,31903,Monopoly Collection,13.01,13.22,30.00
805,30351,Monopoly Streets,8.19,9.49,23.44
806,14796,Monster 4X4,3.75,3.99,10.42
807,19876,Monster 4x4: Stunt Racer,6.31,6.50,15.40
808,30936,Monster 4x4: Stunt Racer with Racing Wheel,6.33,9.43,19.00
809,72756,Monster 4X4 World Circuit,3.15,3.99,13.98
810,7389,Monster 4X4 World Circuit [Steering Wheel Bundle],2.67,3.47,11.81
811,34484,Monster High: 13 Wishes,7.82,9.99,21.66
812,31835,Monster High: Ghoul Spirit,4.72,6.26,11.53
813,36291,Monster High: New Ghoul in School,8.77,11.24,20.00
814,33339,Monster High: Skultimate Roller Maze,6.92,6.97,19.00
815,21190,Monster Hunter Tri,8.59,9.68,24.61
816,21191,Monster Hunter Tri [Controller Bundle],32.00,37.21,69.98
817,70264,Monster Hunter Tri Demo Disc,5.00,6.50,15.00
818,10552,Monster Jam,7.29,8.10,19.98
819,30684,Monster Jam: Path of Destruction,7.50,8.25,19.99
820,15849,Monster Jam Urban Assault,6.32,8.80,17.05
821,15906,Monster Lab,4.05,6.28,11.95
822,19490,Monster Mayhem: Build and Battle,4.69,4.99,8.90
823,21651,Monster Trucks Mayhem,4.31,6.17,9.95
824,30937,Monster Trucks Mayhem with Racing Wheel,5.25,5.54,11.00
825,9370,Monster Trux Arenas,3.95,6.00,12.31
826,11756,Monster Trux Offroad,4.30,5.99,10.28
827,16443,Monsters vs. Aliens,4.93,5.10,10.71
828,10789,Mortal Kombat Armageddon,14.97,17.67,36.49
829,15956,Mortimer Beckett and the Secrets of Spooky Manor,6.65,7.13,16.99
830,15821,MotoGP,7.33,8.00,16.00
831,19877,Mountain Sports,5.20,5.92,9.99
832,15905,Movie Games,4.49,6.00,6.30
833,32367,Mr. Bean's Wacky World,61.68,76.37,137.33
834,19591,Muramasa: The Demon Blade,29.99,31.07,51.00
835,16107,Mushroom Men The Spore Wars,10.50,14.10,19.99
836,11872,MX vs ATV Untamed,6.48,7.81,18.93
837,21661,My Baby First Steps,4.90,5.21,8.82
838,21663,My Ballet Studio,7.67,8.62,17.49
839,16105,My Fitness Coach,3.19,3.51,9.45
840,20341,My Fitness Coach 2 Exercise and Nutrition,5.57,5.64,8.00
841,18736,My Horse & Me: Riding for Gold,28.22,33.42,68.11
842,11876,My Horse and Me,5.39,8.00,15.96
843,35383,My Personal Golf Trainer With IMG Academies and David Leadbetter,12.49,14.72,28.63
844,7396,My Word Coach,4.63,5.13,8.47
845,7398,MySims,7.76,8.81,19.99
846,19673,MySims Agents,8.28,8.53,23.19
847,30702,MySims Collection,8.70,10.43,21.00
848,15827,MySims Kingdom,7.90,9.04,14.68
849,16398,MySims Party,5.00,5.29,9.00
850,19269,MySims Racing,5.05,7.99,16.17
851,22093,MySims SkyHeroes,4.72,4.80,9.99
852,31543,Mystery Case Files: The Malgrave Incident,8.91,8.99,16.30
853,16207,Myth Makers Orbs of Doom,4.28,5.75,12.95
854,10882,Myth Makers Super Kart GP,5.65,6.72,8.09
855,13990,Myth Makers Trixie in Toyland,9.23,9.26,19.00
856,35686,Namco Museum Megamix,6.99,7.99,18.00
857,10359,Namco Museum Remix,4.50,4.97,12.99
858,16104,Nancy Drew The White Wolf of Icicle Creek,7.10,7.58,20.00
859,14664,Naruto Clash of Ninja Revolution,5.23,6.83,15.61
860,15785,Naruto Clash of Ninja Revolution 2,8.94,11.65,15.24
861,21662,Naruto Shippuden: Clash of Ninja Revolution 3,11.37,11.97,28.92
862,5290202,Naruto Shippuden Clash of Ninja Revolution 3 [Limited Edition],18.77,24.99,55.00
863,31497,Naruto Shippuden: Dragon Blade Chronicles,11.09,12.32,34.44
864,16283,NASCAR Kart Racing,7.12,7.12,19.16
865,31282,NASCAR The Game 2011,9.12,9.75,20.49
866,33293,NASCAR The Game: Inside Line,6.82,8.84,22.48
867,32185,NASCAR Unleashed,7.77,8.07,16.00
868,35228,Nat Geo Challenge Wild Life,4.91,6.97,8.16
869,32381,National Geographic Challenge,8.95,9.99,24.99
870,19697,NBA 2K10,5.12,7.72,28.80
871,22105,NBA 2K11,6.77,7.02,22.30
872,31802,NBA 2K12,5.88,8.15,25.14
873,33143,NBA 2K13,8.56,10.04,26.93
874,22130,NBA Jam,11.69,12.81,37.03
875,15649,NBA Live 09 All-Play,3.92,5.43,9.08
876,9432,NBA Live 2008,3.85,5.01,9.96
877,14121,NCAA Football 09 All-Play,7.97,7.99,35.07
878,32192,NCIS,8.99,10.15,20.24
879,6797,Need for Speed Carbon,7.97,8.04,24.44
880,30735,Need For Speed: Hot Pursuit,9.43,10.14,21.71
881,19929,Need for Speed Nitro,7.32,7.69,20.61
882,10553,Need for Speed Prostreet,5.37,5.44,16.11
883,32290,Need For Speed: The Run,5.12,6.19,18.20
884,16014,Need for Speed Undercover,4.92,6.46,19.99
885,16219,Neighborhood Games,3.98,5.06,10.98
886,16147,Neopets Puzzle Adventure,4.31,4.39,8.48
887,15836,NERF N-Strike [Bundle],3.88,5.01,11.93
888,59588,NERF N-Strike [Double Blast Bundle],7.32,9.50,29.45
889,19866,NERF N-Strike Elite,7.09,7.27,30.00
890,35511,NERF N-Strike Elite [Bundle],15.13,24.99,33.08
891,32918,NERF N-Strike (game only),5.31,5.99,12.00
892,58265,Netflix,5.99,6.00,12.00
893,22042,New Carnival Games,5.63,7.44,20.82
894,4781175,New Carnival Games [Slip Cover],,,
895,18737,New Play Control: Donkey Kong Jungle Beat,18.69,18.99,64.44
896,16395,New Play Control: Mario Power Tennis,10.30,12.70,25.98
897,747588,New Play Control: Mario Power Tennis [Refurbished],,,
898,16396,New Play Control: Pikmin,28.00,32.00,66.85
899,747574,New Play Control: Pikmin [Refurbished],,,
900,20014,New Super Mario Bros. Wii,22.48,23.00,52.45
901,747578,New Super Mario Bros. Wii [Refurbished],51.63,99.99,79.00
902,70897,New Super Mario Bros Wii [White Case],17.96,25.02,50.00
903,30818,NewU Fitness First Mind Body Yoga & Pilates Workout,10.76,11.34,23.00
904,19611,NHL 2K10,5.00,5.97,17.31
905,21950,NHL 2K11,6.93,7.95,24.17
906,14906,NHL 2K9,4.06,5.24,14.37
907,35024,NHL Slapshot,7.03,9.97,41.59
908,31144,NHL Slapshot Bundle,19.27,45.49,62.16
909,19867,"Ni Hao, Kai-lan: Super Game Day",5.76,6.27,14.98
910,32127,Nickelodeon Dance,4.13,6.89,17.72
911,34120,Nickelodeon Dance 2,7.80,8.63,23.45
912,32828,Nickelodeon Fit,5.00,7.49,12.77
913,10361,Nicktoons Attack of the Toybots,5.33,7.98,18.52
914,31720,Nicktoons MLB,4.99,9.00,15.00
915,18745,Night at the Museum Battle of the Smithsonian,4.09,6.00,11.56
916,10927,Nights Journey of Dreams,8.09,9.99,21.25
917,12952,Ninja Reflex,5.00,5.25,10.14
918,7409,Ninjabread Man,5.00,6.51,14.06
919,11008,Nitrobike,5.01,7.05,10.54
920,11867,No More Heroes,12.00,12.50,37.88
921,20375,No More Heroes 2: Desperate Struggle,16.15,19.97,29.99
922,42363,No More Heroes Red Steel,17.16,24.95,74.95
923,30940,North American Hunting 2,6.00,6.51,10.65
924,15910,North American Hunting Extravaganza,5.27,5.64,12.96
925,15996,NPPL Championship Paintball 2009,3.91,4.44,9.34
926,71600,NPPL Championship Paintball 2009 [Gun Bundle],12.64,16.44,37.90
927,13146,Obscure The Aftermath,10.98,12.35,26.00
928,16880,Ocean Commander,5.23,8.90,13.93
929,10554,Octomania,7.46,7.47,17.15
930,14210,Offroad Extreme Special Edition,3.26,5.47,5.55
931,16881,Offshore Tycoon,4.40,5.10,8.67
932,13218,Okami,9.77,11.99,20.00
933,3895015,Okami [Misprint],23.82,30.97,62.00
934,36576,Once Upon a Time,7.31,13.10,26.00
935,11871,One Piece Unlimited Adventure,29.49,31.49,93.08
936,16280,Onechanbara Bikini Zombie Slayers,19.98,21.00,52.81
937,22143,Oops! Prank Party,9.00,10.38,21.51
938,10466,Open Season,5.50,8.80,15.18
939,13144,Opoona,40.52,47.50,81.64
940,14274,Order Up,11.95,14.98,25.74
941,32415,Oregon Trail,46.50,47.30,79.99
942,19619,Our House: Party,6.91,7.90,10.58
943,170197,Outdoor Action Double Pack,9.99,11.24,22.00
944,19327,Overlord: Dark Legend,5.56,9.57,19.04
945,30744,Pac-Man Party,8.95,9.47,24.92
946,21650,Pacific Liberator,4.99,5.47,8.89
947,14627,Pajama Sam: Don't Fear the Dark,11.48,11.98,29.09
948,33986,Pandora's Tower,61.34,68.82,73.00
949,21644,Party Pigs: Farmyard Games,4.91,6.99,11.48
950,16191,Paws & Claws Pet Resort,6.26,8.99,18.00
951,19493,Paws & Claws Pet Vet,8.94,9.13,19.00
952,16205,PBR Out of the Chute,6.03,7.99,9.63
953,16224,PDC World Championship Darts 2008,12.85,28.53,35.78
954,35387,Penguins of Madagascar,8.65,9.00,19.41
955,31700,Penguins of Madagascar: Dr. Blowhole Returns,4.72,5.82,9.51
956,15691,Penny Racers Party Turbo-Q Speedway,5.94,9.36,21.97
957,18610,Pet Pals: Animal Doctor,4.32,7.73,9.99
958,10555,Petz Catz 2,6.93,9.11,17.49
959,16027,Petz Crazy Monkeyz,3.44,4.64,8.56
960,10556,Petz Dogz 2,5.46,6.14,10.81
961,15848,Petz Horse Club,7.47,9.14,24.97
962,10557,Petz Horsez 2,6.93,9.99,13.50
963,15775,Petz Rescue Wildlife Vet,5.74,6.01,17.27
964,15909,Petz Sports,4.90,5.41,11.91
965,19483,Phantom Brave: We Meet Again,19.45,24.66,32.95
966,30942,Pheasants Forever Wingshooter,6.50,6.51,19.50
967,34163,Phineas & Ferb: Quest for Cool Stuff,9.99,12.72,20.43
968,31638,Phineas and Ferb: Across the 2nd Dimension,5.07,6.66,17.66
969,30746,Pictionary,6.38,7.63,15.00
970,32939,Pikmin 2 [Nintendo Selects],42.63,44.83,74.00
971,9552,Pimp My Ride,5.05,5.77,11.33
972,20361,Pinball Hall of Fame: The Gottlieb Collection,11.27,11.55,30.11
973,14090,Pinball Hall of Fame: The Williams Collection,6.48,8.47,12.31
974,37235,Pirate Blast,6.13,7.99,21.00
975,15841,Pirates: Hunt for Blackbeard's Booty,3.74,5.24,9.15
976,7420,Pirates of the Caribbean At World`s End,4.00,4.99,9.23
977,31499,Pirates Plund-Arrr,9.24,14.88,22.47
978,19075,Pirates vs. Ninjas Dodgeball,5.67,7.11,12.10
979,14951,Pitfall The Big Adventure,6.76,9.82,23.37
980,21101,Pizza Delivery Boy,7.25,8.18,16.12
981,35277,Planes: Fire & Rescue,15.00,19.99,22.91
982,20003,Planet 51,5.85,8.12,11.34
983,10363,Playground,4.76,5.71,18.05
984,36668,Playmobil Circus,6.57,7.51,15.00
985,6799,Pokemon Battle Revolution,20.13,24.98,114.23
986,32542,PokePark 2: Wonders Beyond,27.49,29.23,89.99
987,30652,PokePark Wii: Pikachu's Adventure,25.22,25.49,72.00
988,20779,Pony Friends 2,9.12,9.39,19.00
989,21646,Pool Hall Pro,9.66,11.11,19.49
990,10790,Pool Party,4.85,5.08,10.89
991,19804,Pop'N Music,9.99,10.91,15.00
992,21622,PopStar Guitar,1.32,6.45,11.49
993,21630,Power Punch,12.00,15.75,46.65
994,32344,Power Rangers Samurai,7.19,7.81,17.33
995,19878,Press Your Luck: 2010 Edition,9.36,9.68,22.50
996,7426,Prince of Persia Rival Swords,3.55,5.03,14.70
997,21301,Prince of Persia: The Forgotten Sands,6.09,7.47,15.48
998,30944,Princess Isabella: A Witch's Curse,9.69,9.98,21.18
999,13143,Pro Evolution Soccer 2008,4.74,7.35,9.99
1000,16452,Pro Evolution Soccer 2009,6.49,6.49,21.50
1001,19922,Pro Evolution Soccer 2010,7.64,7.64,17.95
1002,22120,Pro Evolution Soccer 2011,5.67,7.48,14.95
1003,32294,Pro Evolution Soccer 2012,5.87,7.76,10.47
1004,33300,Pro Evolution Soccer 2013,6.00,7.45,12.00
1005,17649,Professor Heinz Wolff's Gravity,5.00,7.78,12.49
1006,21008,Project Runway,3.12,6.50,13.00
1007,19210,Punch-Out,32.15,32.41,58.49
1008,58579,Punch-Out [Controller Bundle],79.95,90.00,179.99
1009,32645,Punch-Out [Nintendo Selects],34.99,35.12,74.57
1010,747575,Punch-Out [Refurbished],,,
1011,10558,Puppy Luv,3.87,4.70,10.38
1012,14040,Purr Pals,5.03,5.32,13.47
1013,32243,Puss In Boots,4.98,6.47,9.95
1014,16311,Puzzle Challenge Crosswords and More,5.53,5.78,7.41
1015,19076,Puzzle Kingdoms,4.95,6.03,13.49
1016,10883,Puzzle Quest Challenge of the Warlords,6.00,6.78,16.49
1017,16883,Puzzler Collection,5.04,5.07,11.13
1018,19927,Rabbids Go Home,8.99,9.49,20.65
1019,21052,Racquet Sports,9.64,11.50,29.11
1020,21053,Racquet Sports with Camera,14.05,18.27,31.63
1021,32297,Ram Racing,9.95,15.00,19.96
1022,11148,Rampage Total Destruction,7.00,9.99,37.67
1023,31006,Rango: The Video Game,7.18,10.00,19.99
1024,14838,Rapala Fishing Frenzy,5.61,5.77,23.99
1025,22061,Rapala Pro Bass Fishing 2010,5.69,5.73,16.61
1026,22064,Rapala Pro Bass Fishing 2010 (Fishing Rod Bundle),28.40,28.50,57.00
1027,11217,Rapala Tournament Fishing,4.48,4.75,10.35
1028,21621,Rapala: We Fish,5.44,5.99,28.94
1029,21653,Rapala: We Fish with Fishing Rod,17.72,36.55,73.00
1030,10791,Ratatouille,9.04,9.44,17.75
1031,31749,Raving Rabbids Party Collection,13.36,15.00,27.49
1032,30776,Raving Rabbids: Travel in Time,5.56,6.70,22.36
1033,32300,Rayman Origins,7.60,9.32,24.97
1034,7431,Rayman Raving Rabbids,5.80,7.56,13.27
1035,10559,Rayman Raving Rabbids 2,4.69,5.84,17.91
1036,16023,Rayman Raving Rabbids TV Party,4.33,5.90,12.51
1037,33870,Reader Rabbit 1st Grade,10.88,14.70,29.00
1038,33868,Reader Rabbit 2nd Grade,11.24,13.48,14.26
1039,33869,Reader Rabbit Kindergarten,13.50,13.66,27.00
1040,33866,Reader Rabbit Preschool,15.27,18.95,26.99
1041,16453,Ready 2 Rumble Revolution,8.82,9.16,23.50
1042,19468,Real Heroes: Firefighter,6.20,7.20,13.09
1043,7432,Rebel Raiders Operation Nighthawk,4.00,8.48,27.09
1044,20053,Rec Room Games,5.46,6.85,15.36
1045,10792,Red Steel,7.72,7.99,17.85
1046,21102,Red Steel 2,8.27,10.86,24.49
1047,21103,Red Steel 2 [MotionPlus Bundle],13.49,15.49,34.45
1048,19408,Reel Fishing: Angler's Dream,6.35,6.77,11.03
1049,32400,Reload Target Down,10.10,13.95,32.58
1050,19880,Remington Great American Bird Hunt,6.62,9.20,23.60
1051,32409,Remington Great American Bird Hunt and Shimano Xtreme Fishing Dual Pack,8.84,12.50,25.00
1052,30945,Remington Great American Bird Hunt with Blaster,14.54,16.51,49.09
1053,32965,Remington Super Slam Hunting Africa,7.75,9.49,13.97
1054,31301,Remington Super Slam Hunting: Alaska,8.24,11.99,21.09
1055,30703,Remington Super Slam Hunting: North America,10.93,10.95,21.00
1056,6800,Resident Evil 4,9.99,10.67,31.54
1057,19328,Resident Evil Archives: Resident Evil,9.12,13.89,24.98
1058,20066,Resident Evil Archives: Resident Evil Zero,12.30,13.94,25.84
1059,20027,Resident Evil: The Darkside Chronicles,29.99,32.34,68.07
1060,1085133,Resident Evil: The Darkside Chronicles [Gun Bundle],151.93,265.00,300.00
1061,40465,Resident Evil The Umbrella & Darkside Chronicles,52.36,55.54,175.00
1062,10560,Resident Evil The Umbrella Chronicles,9.96,11.38,25.49
1063,40464,Resident Evil The Umbrella Chronicles [Gun Bundle],24.99,25.00,170.00
1064,32506,Rhythm Heaven Fever,101.02,106.21,131.70
1065,11757,Rig Racer 2,5.00,5.45,14.49
1066,19967,Ringling Bros. and Barnum & Bailey Circus,4.34,4.73,6.54
1067,31318,Rio,5.34,6.87,16.92
1068,33389,Rise Of The Guardians,5.49,6.31,9.62
1069,11753,Rock 'n Roll Adventures,3.00,3.49,6.07
1070,14159,Rock Band,4.74,6.22,14.77
1071,14963,Rock Band 2,8.79,9.26,15.19
1072,30332,Rock Band 3,18.44,19.99,39.99
1073,19400,Rock Band Country Track Pack,8.00,10.53,18.81
1074,30879,Rock Band Country Track Pack 2,17.67,19.49,25.26
1075,19203,Rock Band Track Pack: Classic Rock,11.48,13.99,22.27
1076,21657,Rock Band Track Pack: Metal,7.31,9.59,18.15
1077,14131,Rock Band Track Pack Volume 1,8.50,8.56,14.00
1078,16176,Rock Band Track Pack Volume 2,6.28,8.95,12.09
1079,37204,Rock Blast,7.05,7.49,12.95
1080,2420539,Rodea the Sky Soldier,14.88,70.47,141.00
1081,20054,Rogue Trooper: The Quartz Zone Massacre,7.99,11.51,27.77
1082,19234,Rolling Stone: Drum King,4.47,6.17,7.20
1083,19354,Roogoo Twisted Towers,5.55,5.61,10.98
1084,21104,Rooms: The Main Building,8.39,9.95,22.19
1085,15864,Rubik's World,3.94,5.56,9.51
1086,30695,Rudolph the Red-Nosed Reindeer,3.77,5.89,10.65
1087,16454,Rune Factory: Frontier,28.95,29.51,38.64
1088,31829,Rune Factory: Tides of Destiny,22.70,24.92,38.92
1089,16245,Rygar The Battle of Argus,7.00,11.76,29.69
1090,21616,Safari Adventures: Africa,3.66,5.97,9.10
1091,16061,Safecracker The Ultimate Puzzle Adventure,8.37,9.99,11.36
1092,21623,Saint,4.97,5.99,8.49
1093,21107,"Sakura Wars: So Long, My Love",60.91,62.45,92.62
1094,14383,Sam & Max Season One,10.22,12.99,20.30
1095,21054,Sam & Max Season Two: Beyond Time and Space,6.10,8.95,18.95
1096,15065,Samba De Amigo,6.14,6.52,11.10
1097,17652,Samurai Shodown Anthology,19.87,27.72,59.44
1098,22098,Samurai Warriors 3,8.24,11.72,19.90
1099,14794,Samurai Warriors Katana,6.04,6.04,13.50
1100,32198,Santa Claus Is Coming To Town,7.79,9.87,14.99
1101,21279,Satisfashion,3.34,5.74,11.00
1102,6801,Scarface the World is Yours,22.89,29.76,53.49
1103,20005,Scene It? Bright Lights! Big Screen!,5.65,6.99,8.79
1104,20055,Scene It? Twilight,4.69,5.10,7.60
1105,19383,Science Papa,3.72,4.72,13.06
1106,22004,Scooby Doo and the Spooky Swamp,11.78,12.99,29.99
1107,498720,Scooby Doo and the Spooky Swamp [Silver Shield],23.08,30.00,60.00
1108,19645,Scooby-Doo First Frights,7.46,8.40,18.09
1109,15664,SCORE International Baja 1000,4.90,5.78,23.17
1110,9702,Sea Monsters Prehistoric Adventure,5.30,6.01,16.95
1111,33977,Secret Files Tunguska,10.00,14.90,26.62
1112,12950,Sega Bass Fishing,4.89,6.02,7.82
1113,32956,Sega Super Star Tennis Competition Pack,,,
1114,11877,Sega Superstars Tennis,5.24,6.47,15.68
1115,22166,Sengoku Basara: Samurai Heroes,14.19,22.59,44.99
1116,30338,Sesame Street: Cookie's Counting Carnival,7.96,8.73,15.00
1117,30372,Sesame Street: Elmo's A-To-Zoo Adventure,7.82,7.90,17.99
1118,34845,Sesame Street: Elmo's Musical Monsterpiece,6.65,7.57,12.16
1119,31641,"Sesame Street: Ready, Set, Grover!",5.97,8.04,18.50
1120,30347,Shaun White Skateboarding,2.79,5.08,6.57
1121,15980,Shaun White Snowboarding Road Trip,2.97,4.02,9.47
1122,1944742,Shaun White Snowboarding Road Trip [Target Edition],3.81,5.99,9.04
1123,21055,Shaun White Snowboarding: World Stage,4.08,5.65,4.90
1124,5290209,Shaun White Snowboarding: World Stage [Target Edition],,,
1125,30789,Shawn Johnson Gymnastics,5.45,6.10,10.14
1126,19809,Shimano Xtreme Fishing,6.19,7.87,17.17
1127,20411,Shiren the Wanderer,64.98,65.60,100.93
1128,10364,Showtime Championship Boxing,4.62,6.00,9.63
1129,15844,Shrek's Carnival Craze,4.49,6.00,9.07
1130,21308,Shrek Forever After,5.74,6.37,8.83
1131,10793,Shrek the Third,5.07,5.31,24.75
1132,22099,Sid Meier's Pirates!,6.65,8.61,21.62
1133,20108,Silent Hill: Shattered Memories,74.99,75.00,138.75
1134,16229,Sim Animals,5.96,8.99,16.77
1135,19881,Sim Animals Africa,4.50,6.95,13.02
1136,15062,SimCity Creator,5.99,6.32,12.83
1137,21571,Sin and Punishment: Star Successor,28.54,30.75,37.89
1138,32199,Sing4: The Hits Edition with Mic,8.99,11.99,24.00
1139,15838,Six Flags Fun Park,5.95,5.97,15.23
1140,16026,Skate City Heroes,4.12,5.99,9.24
1141,16322,Skate It,2.34,4.44,13.76
1142,21642,Ski and Shoot,4.96,5.24,5.89
1143,21618,Ski-Doo Snowmobile Challenge,8.28,9.49,19.02
1144,2670205,Skylander's Giants (game only),3.59,4.67,15.79
1145,33413,Skylander's Giants Portal Owners Pack,3.40,3.44,9.00
1146,33408,Skylander's Giants Starter Pack,5.48,17.57,25.31
1147,31815,Skylanders Spyro's Adventure,5.19,5.62,32.09
1148,35997,Skylanders SuperChargers: Dark Edition Starter Pack,53.49,74.50,149.00
1149,4442124,Skylanders Superchargers Racing,5.84,10.46,50.00
1150,35989,Skylanders SuperChargers Starter Pack,9.92,20.05,30.00
1151,2021457,Skylanders Swap Force,4.99,6.43,19.99
1152,97923,Skylanders Swap Force [Dark Edition],60.76,78.99,78.72
1153,34411,Skylanders Swap Force: Starter Pack,7.70,10.00,44.00
1154,3453702,Skylanders Trap Team,5.25,8.00,54.95
1155,35133,Skylanders Trap Team Dark Edition: Starter Pack,9.50,9.97,106.90
1156,35127,Skylanders Trap Team: Starter Pack,8.94,21.49,41.73
1157,20780,Sled Shred,5.28,5.94,8.00
1158,20354,Sleepover Party,3.06,5.40,12.17
1159,32401,Smiley World: Island Challenge,9.65,12.50,25.00
1160,30817,Sniper Elite,8.50,9.95,17.06
1161,14273,SNK Arcade Classics Volume 1,12.62,13.41,27.63
1162,16312,Solitaire & Mahjong,6.44,6.44,10.97
1163,20774,Sonic & SEGA All-Stars Racing,8.99,10.45,25.93
1164,16365,Sonic and the Black Knight,10.28,11.02,25.35
1165,11033,Sonic and the Secret Rings,8.56,8.58,18.40
1166,18593,Sonic and the Secret Rings [Target Edition],10.25,10.29,28.00
1167,30734,Sonic Colors,9.99,10.96,20.00
1168,11034,Sonic Riders Zero Gravity,12.05,14.93,39.09
1169,16007,Sonic Unleashed,10.00,10.46,27.99
1170,10884,Soul Calibur Legends,5.73,7.95,20.29
1171,19235,Space Camp,3.26,4.54,13.33
1172,14094,Space Chimps,4.99,5.04,5.88
1173,19492,Spectrobes: Origins,12.45,12.99,24.07
1174,30951,Speed,3.99,8.54,14.08
1175,14373,Speed Racer Video Game,5.56,6.87,19.13
1176,30950,Speed with Wheel,3.66,5.76,15.10
1177,19236,SpeedZone,9.99,11.04,13.61
1178,10794,Spiderman 3,6.98,8.52,24.46
1179,31787,Spiderman: Edge of Time,18.60,19.56,45.00
1180,9821,Spiderman Friend or Foe,8.40,10.30,31.83
1181,21975,Spiderman: Shattered Dimensions,20.73,24.13,63.93
1182,15755,Spiderman Web of Shadows,14.89,16.51,45.36
1183,11006,Splinter Cell Double Agent,5.15,5.25,16.99
1184,10366,SpongeBob's Atlantis SquarePantis,6.32,6.32,16.23
1185,21009,SpongeBob's Boating Bash,6.27,7.95,21.23
1186,19851,SpongeBob's Truth or Square,8.42,8.44,17.49
1187,10795,SpongeBob SquarePants Creature from Krusty Krab,7.93,8.27,25.25
1188,15768,SpongeBob SquarePants Featuring Nicktoons Globs of Doom,6.86,7.61,19.49
1189,34450,SpongeBob SquarePants: Plankton's Robotic Revenge,6.48,7.28,15.99
1190,31325,SpongeBob SquigglePants,5.41,5.79,12.98
1191,19720,Spore Hero,5.55,6.52,16.99
1192,16109,SPRay,4.25,6.69,11.50
1193,14628,Spy Fox in Dry Cereal,6.97,9.09,14.24
1194,11453,Spy Games Elevator Mission,4.35,4.91,7.20
1195,19646,Spyborgs,10.00,11.94,21.66
1196,19751,Squeeballs Party,6.38,6.89,14.84
1197,10796,SSX Blur,5.49,5.98,16.49
1198,10561,Star Trek Conquest,9.68,9.88,37.36
1199,15951,Star Wars Clone Wars Lightsaber Duels,3.26,6.80,9.25
1200,19709,Star Wars Clone Wars: Republic Heroes,5.93,6.46,15.11
1201,14947,Star Wars The Force Unleashed,4.96,6.15,14.47
1202,30318,Star Wars: The Force Unleashed II,6.25,6.50,13.00
1203,16423,Story Hour Adventures,4.45,5.57,4.97
1204,16422,Story Hour Fairy Tales,3.50,4.79,10.00
1205,20067,Storybook Workshop,4.25,6.11,7.28
1206,14118,Summer Athletics The Ultimate Challenge,4.65,5.45,7.99
1207,16162,Summer Sports 2 Island Sports Party,5.49,8.48,14.96
1208,13224,Summer Sports Paradise Island,5.61,7.39,10.86
1209,32916,Summer Stars 2012,4.71,5.86,12.00
1210,31145,Super Fruit Fall,3.61,6.30,10.86
1211,30822,Super Mario All-Stars Limited Edition,31.50,33.11,60.00
1212,36491,Super Mario All-Stars [Nintendo Selects],25.00,26.95,52.11
1213,747586,Super Mario All-Stars [Refurbished],,,
1214,10562,Super Mario Galaxy,13.70,14.27,40.32
1215,21371,Super Mario Galaxy 2,21.97,25.19,58.71
1216,67266,Super Mario Galaxy 2 [Nintendo Selects],22.02,23.97,52.49
1217,747585,Super Mario Galaxy 2 [Refurbished],,,
1218,32642,Super Mario Galaxy [Nintendo Selects],13.15,13.45,31.40
1219,10797,Super Monkey Ball Banana Blitz,6.25,6.77,12.80
1220,20412,Super Monkey Ball: Step & Roll,7.25,7.72,14.95
1221,10798,Super Paper Mario,13.60,17.49,51.67
1222,32639,Super Paper Mario [Nintendo Selects],14.50,15.25,38.83
1223,21671,Super PickUps,5.97,7.31,22.15
1224,11865,Super Smash Bros. Brawl,14.48,15.99,46.64
1225,4327141,Super Smash Bros. Brawl [Fighting Game of the Year],19.08,19.60,38.15
1226,10799,Super Swing Golf,4.74,7.98,11.30
1227,10928,Super Swing Golf Season 2,6.16,7.25,14.90
1228,32403,Supersonic Racer,11.27,14.66,21.64
1229,9910,Surf's Up,4.84,7.63,15.82
1230,32404,Survivor,8.82,10.11,18.00
1231,21069,Sushi Go Round,4.84,6.52,13.00
1232,22031,Swords,8.19,8.28,14.63
1233,11472,Table Tennis,4.60,6.89,11.70
1234,15724,Tak and the Guardians of Gross,4.29,5.03,12.61
1235,15952,Tales of Symphonia Dawn of the New World,11.93,14.38,32.78
1236,11543,Tamagotchi Party On,6.56,7.77,15.80
1237,30765,Tangled,5.71,8.00,16.55
1238,13225,Target Terror,55.71,61.39,80.00
1239,20376,Tatsunoko vs. Capcom: Ultimate All Stars,39.99,49.16,112.49
1240,19968,Team Elimination Games,1.00,6.90,14.00
1241,34454,Teenage Mutant Ninja Turtles,7.48,9.22,20.00
1242,19647,Teenage Mutant Ninja Turtles: Smash-Up,10.44,12.49,49.26
1243,15690,Ten Pin Alley 2,4.56,6.50,13.06
1244,16265,Tenchu Shadow Assassins,5.65,9.57,21.25
1245,21363,Tetris Party Deluxe,14.70,15.99,26.24
1246,31042,"The $1,000,000 Pyramid",10.51,10.85,21.49
1247,30654,The Amazing Race,5.68,6.72,8.95
1248,21945,The Bachelor,2.81,6.22,8.73
1249,19569,The Beatles: Rock Band,5.00,5.37,12.53
1250,19715,The Biggest Loser,4.25,5.97,7.41
1251,6802,The Bigs,5.24,8.49,15.00
1252,19375,The Bigs 2,6.95,8.75,16.41
1253,19323,The Conduit,9.47,10.55,19.99
1254,35564,The Conduit Special Edition,9.50,13.53,39.50
1255,33924,The Croods: Prehistoric Party,5.65,5.81,10.00
1256,20409,The Daring Game for Girls,7.37,7.38,19.95
1257,18738,The Destiny of Zorro,4.40,4.81,9.47
1258,14480,The Dog Island,10.81,13.00,17.79
1259,30911,The Garfield Show: Threat of the Space Lasagna,6.51,7.55,15.66
1260,10800,The Godfather Blackhand Edition,8.57,9.99,27.30
1261,10885,The Golden Compass,3.98,3.99,6.95
1262,19652,The Hardy Boys: The Hidden Theft,10.00,11.08,18.24
1263,33330,The Hip Hop Dance Experience,10.45,17.33,52.42
1264,14122,The House of the Dead 2 & 3 Return,14.95,18.50,42.78
1265,16282,The House of the Dead Overkill,20.24,24.22,39.98
1266,13870,The Incredible Hulk,5.54,7.04,25.00
1267,21628,The Island of Dr. Frankenstein,4.05,4.76,7.19
1268,32433,The Kore Gang,16.99,18.00,34.95
1269,21573,The Last Airbender,4.11,6.63,10.66
1270,1341329,The Last Airbender [Toys R Us],6.11,8.50,17.00
1271,32991,The Last Story,44.23,58.07,77.05
1272,37414,The Last Story [Limited Edition],76.99,80.60,129.99
1273,14272,The Mummy Tomb of the Dragon Emperor,5.84,6.78,17.38
1274,19233,The Munchables,16.88,20.23,40.00
1275,15773,The Naked Brothers Band,3.02,4.75,5.17
1276,14922,The Price is Right,6.00,6.99,19.13
1277,19642,The Price is Right: 2010 Edition,6.65,7.12,13.81
1278,32630,The Price Is Right Decades,7.44,9.00,27.21
1279,20026,The Princess and the Frog,6.66,7.50,15.83
1280,19806,The Secret Saturdays: Beasts of The 5th Sun,2.98,6.35,6.31
1281,10368,The Simpsons Game,15.44,16.72,44.35
1282,10365,The Sims 2: Castaway,8.37,8.65,23.27
1283,6803,The Sims 2: Pets,7.99,8.95,19.99
1284,30742,The Sims 3,4.98,5.46,13.44
1285,20353,The Sky Crawlers: Innocent Aces,11.43,11.76,26.98
1286,34129,The Smurfs 2,5.23,6.09,10.74
1287,31920,The Smurfs: Dance Party,4.50,5.39,8.44
1288,1958439,The Smurfs Dance Party [Walmart Edition],,,
1289,11873,The Spiderwick Chronicles,6.72,7.39,9.99
1290,16100,The Tale of Despereaux,5.99,5.99,9.99
1291,68883,The Voice: I Want You,7.99,10.77,21.49
1292,35206,The Voice with Microphone,10.66,13.44,31.99
1293,15778,Think Fast,5.65,6.39,13.74
1294,20068,Think: Logic Trainer,5.00,5.00,10.00
1295,30957,Thinksmart Family,5.00,5.64,8.99
1296,31389,Thor: God of Thunder,6.99,7.10,8.48
1297,10369,Thrillville Off The Rails,4.95,5.66,12.02
1298,10393,Tiger Woods 2007,5.47,5.96,13.93
1299,14407,Tiger Woods 2009 All-Play,5.37,5.74,12.14
1300,7473,Tiger Woods PGA Tour 08,3.38,5.48,10.31
1301,19259,Tiger Woods PGA Tour 10,5.60,7.95,14.97
1302,19261,Tiger Woods PGA Tour 10 (MotionPlus Bundle),10.49,13.01,26.00
1303,21531,Tiger Woods PGA Tour 11,9.32,9.82,25.00
1304,31277,Tiger Woods PGA Tour 12: The Masters,20.21,21.85,39.00
1305,32690,Titanic Mystery,12.46,14.00,24.89
1306,11007,TMNT,6.52,9.47,25.20
1307,14977,TNA Impact,7.48,7.49,31.83
1308,10563,Tomb Raider Anniversary,5.45,7.07,15.99
1309,15991,Tomb Raider Underworld,6.38,7.97,24.00
1310,10047,Tony Hawk Downhill Jam,4.30,5.79,9.25
1311,10370,Tony Hawk Proving Ground,4.48,5.24,15.13
1312,20009,Tony Hawk: Ride,6.49,18.01,19.45
1313,2223708,Tony Hawk: Ride [Bundle],18.46,35.00,29.99
1314,30355,Tony Hawk: Shred,4.47,5.19,30.00
1315,30359,Tony Hawk: Shred [Skateboard Bundle],23.49,26.53,29.99
1316,32950,Top Shot Arcade,7.86,8.01,27.48
1317,32963,Top Shot Arcade [Gun Bundle],18.68,28.00,56.00
1318,32873,Top Shot: Dinosaur Hunter,13.46,14.00,47.79
1319,63141,Top Shot: Dinosaur Hunter [Gun Bundle],30.50,42.47,85.00
1320,13977,Top Spin 3,4.36,5.01,8.11
1321,31066,Top Spin 4,6.49,7.99,11.18
1322,19615,Tornado Outbreak,10.40,12.43,21.95
1323,16401,Totally Spies! Totally Party,5.90,8.30,17.50
1324,21564,Tournament of Legends,3.76,6.99,11.28
1325,21635,Tournament Pool,7.08,8.91,14.00
1326,21604,Toy Story 3: The Video Game,6.97,7.17,19.95
1327,4890415,Toy Story 3 [Toys R Us],12.27,16.00,32.00
1328,19620,Toy Story Mania,4.44,8.15,19.95
1329,31116,TrackMania: Build to Race,15.01,17.47,23.77
1330,21547,Transformers: Cybertron Adventures,5.96,7.24,17.99
1331,31470,Transformers: Dark of the Moon Stealth Force Edition,4.98,6.48,13.49
1332,3401630,Transformers: Dark Of The Moon Stealth Force Edition [Toy Bundle],5.00,7.50,14.99
1333,33260,Transformers: Prime,11.47,14.86,24.95
1334,19321,Transformers: Revenge of the Fallen,5.13,5.79,17.16
1335,6804,Transformers: The Game,4.92,6.59,20.00
1336,34545,Transformers: Ultimate Battle Edition,10.29,10.99,15.01
1337,10886,Trauma Center New Blood,10.00,10.00,22.75
1338,10802,Trauma Center Second Opinion,8.48,9.30,29.00
1339,21320,Trauma Team,36.50,40.47,52.00
1340,30960,Triple Crown Snowboarding,4.75,5.99,7.60
1341,16391,Trivial Pursuit,4.63,5.99,10.43
1342,31885,Trivial Pursuit: Bet You Know It,5.75,6.11,9.37
1343,30805,Tron Evolution: Battle Grids,4.00,4.69,5.99
1344,2245557,Tron Evolution: Battle Grids [Championship Edition],8.79,26.81,99.00
1345,31146,Truck Racer,5.89,7.27,15.13
1346,22023,Truth or Lies,3.95,4.85,6.60
1347,34111,Turbo: Super Stunt Squad,3.98,7.50,8.40
1348,15840,TV Show King Party,4.88,6.03,13.99
1349,14652,Twin Strike Operation Thunder,4.04,5.55,9.95
1350,1903005,uDraw GameTablet Gift Pack,,,
1351,1903002,uDraw GameTablet [uDraw Studio],13.84,17.99,36.00
1352,32310,uDraw GameTablet [uDraw Studio: Instant Artist],9.99,19.00,10.10
1353,30741,uDraw Studio,9.21,14.61,15.00
1354,32316,uDraw Studio: Instant Artist,6.96,8.86,13.98
1355,31535,UFC Personal Trainer,7.48,7.92,14.95
1356,16030,Ultimate Band,2.71,3.00,7.54
1357,10084,Ultimate Board Game Collection,4.80,4.92,9.70
1358,6806,Ultimate Duck Hunting,6.04,6.74,16.55
1359,19465,Ultimate Duck Hunting 2009,7.21,7.99,9.99
1360,15856,Ultimate I Spy,6.10,6.32,13.26
1361,19936,Ultimate Party Challenge,6.50,7.19,12.51
1362,16227,Ultimate Shooting Collection,29.10,34.67,49.99
1363,31147,Vacation Isle: Beach Party,2.72,4.71,6.85
1364,18615,Vacation Sports,6.95,8.23,24.73
1365,19675,Valhalla Knights: Eldar Saga,16.11,16.17,35.00
1366,21617,Vegas Party,6.89,6.92,9.59
1367,31706,Veggy World,64.99,203.20,341.82
1368,19276,Vertigo,8.99,10.39,21.00
1369,10371,Victorious Boxers Revolution,10.75,10.95,27.36
1370,33355,Victorious: Taking The Lead,2.49,5.24,7.48
1371,72402,Violetta,13.33,20.00,40.00
1372,19266,Virtua Tennis 2009,5.63,7.37,15.97
1373,31417,Virtua Tennis 4,5.99,7.49,18.72
1374,13912,Wacky Races Crash and Dash,11.05,14.10,30.00
1375,19649,Wacky World Of Sports,8.05,8.22,18.98
1376,20355,Walk it Out,8.83,8.85,24.99
1377,13980,Wall-E,6.07,7.81,12.99
1378,15064,Wario Land Shake It,18.25,18.52,54.99
1379,11191,WarioWare: Smooth Moves,15.95,17.74,59.28
1380,19810,Water Sports,5.13,6.67,11.23
1381,15640,We Cheer,5.48,5.86,12.09
1382,21660,We Cheer 2,6.74,6.99,13.53
1383,14091,We Love Golf,7.55,7.66,22.99
1384,34282,We Sing 80s,23.59,25.00,27.95
1385,34283,We Sing 80s with One Microphone,17.04,23.85,51.12
1386,55786,We Sing Pop,11.56,19.99,30.00
1387,36937,We Sing UK HIts,5.19,5.69,8.85
1388,14151,We Ski,4.22,5.48,9.18
1389,16366,We Ski and Snowboard,7.37,10.00,14.06
1390,22159,We Wish You A Merry Christmas,10.50,11.82,31.51
1391,30655,Wheel of Fortune,6.11,6.70,14.56
1392,5298548,Wheel of Fortune and Jeopardy,9.50,15.00,22.38
1393,5298545,Wheel of Fortune [Nordic Games],6.52,8.48,17.00
1394,19650,Where's Waldo? The Fantastic Journey,7.31,9.14,21.98
1395,19741,Where the Wild Things Are,4.56,5.93,9.00
1396,22145,Who Wants To Be A Millionaire,5.95,6.51,7.99
1397,31544,Wicked Monsters Blast,47.24,74.92,150.00
1398,4012409,Wicked Monsters Blast [Limited Edition Bundle],199.00,605.49,"2,246.65"
1399,5115865,Wii Black Console [RVL-001],23.08,30.00,60.00
1400,13841,Wii Fit [Balance Board Bundle],21.99,26.99,40.00
1401,32420,Wii Fit (game Only),3.99,4.00,7.99
1402,19713,Wii Fit Plus,4.64,4.68,8.82
1403,19714,Wii Fit Plus [Balance Board Bundle],21.47,26.50,61.00
1404,15766,Wii Music,4.97,5.35,10.80
1405,22141,Wii Party,37.49,38.00,69.75
1406,13255,Wii Play,2.95,6.99,11.82
1407,10803,Wii Play [Controller Bundle],16.00,23.45,27.20
1408,31492,Wii Play Motion,17.58,19.77,31.47
1409,36197,Wii Play Motion [Black Wii Remote Bundle],22.45,34.21,48.24
1410,14613,Wii Sports,15.75,16.44,32.99
1411,35227,Wii Sports & Wii Sports Resort,42.99,48.94,72.31
1412,32647,Wii Sports [Nintendo Selects],23.16,23.43,42.44
1413,747594,Wii Sports [Refurbished],76.92,99.99,200.00
1414,19409,Wii Sports Resort,24.75,24.99,41.65
1415,32726,Wii Sports Resort 1 Wii MotionPlus Bundle,20.99,37.50,49.99
1416,747579,Wii Sports Resort 1 Wii MotionPlus Bundle [Refurbished],,,
1417,19744,Wii Sports Resort 2 Wii MotionPlus Bundle,29.97,30.99,52.13
1418,5077031,Wii Sports Resort [Cardboard Sleeve],18.29,25.89,46.16
1419,747593,Wii Sports Resort [Refurbished],,,
1420,13226,Wild Earth African Safari,2.97,5.14,7.62
1421,30966,Wild West Shootout with Gun,6.77,8.80,18.00
1422,11286,Wing Island,5.31,5.53,19.99
1423,31366,Winter Blast: 9 Snow & Ice Games,4.50,8.00,14.23
1424,16057,Winter Sports 2 The Next Challenge,5.81,5.99,9.70
1425,30967,Winter Sports 3: The Great Tournament,5.24,7.94,10.95
1426,10947,Winter Sports the Ultimate Challenge,5.98,6.18,9.55
1427,32137,Winter Stars,3.70,4.11,8.42
1428,31922,Wipeout 2,4.43,5.00,18.95
1429,33133,Wipeout 3,5.14,7.15,16.90
1430,34417,Wipeout: Create & Crash,5.06,6.99,15.00
1431,21670,Wipeout: The Game,4.51,4.87,6.68
1432,14066,Wonder World Amusement Park,4.99,5.74,9.99
1433,18669,WordJong Party,4.17,4.90,7.57
1434,19469,World Championship Athletics,6.12,6.17,11.91
1435,14310,World Championship Poker All In,5.85,6.31,10.18
1436,19870,World of Zoo,5.70,5.94,13.36
1437,20123,World Party Games,5.24,5.73,7.68
1438,6810,World Series of Poker Tournament of Champions 2007,5.99,6.21,12.41
1439,12954,Worms A Space Oddity,8.12,8.82,18.00
1440,30777,Worms: Battle Islands,11.87,11.90,24.17
1441,33266,Wreck It Ralph,6.55,8.46,15.61
1442,32348,WWE '12,8.54,8.56,19.99
1443,2183141,WWE '12 [Sin Cara Edition],,,
1444,33269,WWE '13,9.99,11.60,29.33
1445,31272,WWE All Stars,11.98,12.83,36.99
1446,10565,WWE Smackdown vs. Raw 2008,5.01,5.99,14.57
1447,15947,WWE Smackdown vs. Raw 2009,5.72,5.99,19.28
1448,19782,WWE Smackdown vs. Raw 2010,5.08,8.25,20.00
1449,30344,WWE Smackdown vs. Raw 2011,7.49,9.04,18.72
1450,2183140,WWE Smackdown Vs. Raw 2011 [En Espanol],,,
1451,12100,WWII Aces,5.86,6.49,6.80
1452,31770,X-Men: Destiny,5.51,5.95,10.21
1453,18731,X-Men Origins: Wolverine,5.85,7.48,14.43
1454,32696,Xenoblade Chronicles,24.94,25.00,54.99
1455,16314,Yamaha Supercross,4.50,8.16,11.98
1456,20070,Yoga,5.05,9.98,10.83
1457,30815,Yogi Bear,11.17,11.48,22.14
1458,30977,You Don't Know Jack,7.19,7.49,18.49
1459,20056,Your Shape,3.39,6.88,9.40
1460,72414,Your Shape [Bundle],7.89,10.99,22.00
1461,30816,Yu-Gi-Oh 5D's Duel Transer,9.99,14.48,58.98
1462,19213,Yu-Gi-Oh 5D's Wheelie Breakers,14.98,22.99,75.00
1463,10373,Zack and Wiki Quest for Barbaros Treasure,11.82,13.19,34.99
1464,32355,Zelda Skyward Sword,16.95,18.47,43.70
1465,32356,Zelda Skyward Sword [Controller Bundle],70.35,85.00,230.74
1466,200245,Zelda Skyward Sword [Not for Resale],73.06,,77.98
1467,747592,Zelda Skyward Sword [Refurbished],76.92,99.99,200.00
1468,7510,Zelda Twilight Princess,14.49,14.51,35.64
1469,32643,Zelda Twilight Princess [Nintendo Selects],15.95,16.34,40.95
1470,65042,Zelda Twilight Princess [Not for Resale],226.71,300.00,650.00
1471,22183,Zhu Zhu Pets 2: Featuring The Wild Bunch,2.75,3.21,5.45
1472,33973,Zhu Zhu Pets 2: Featuring The Wild Bunch Limited Edition,4.31,5.99,12.00
1473,14672,Zoo Hospital,3.99,5.08,10.61
1474,30738,Zumba Fitness,5.00,7.21,10.40
1475,32322,Zumba Fitness 2,3.99,6.07,8.75
1476,33200,Zumba Fitness Core,5.00,5.99,10.16
1477,34520,Zumba Fitness World Party,6.67,7.06,14.66
1478,34608,Zumba Kids,6.48,6.92,12.95
