PC_ID,Loose_Price,CIB_Price,New_Price,Image_URL
3780,23.91,59.33,800.00,https://commondatastorage.googleapis.com/images.pricecharting.com/52541f95ebe934c8fc2f2fd662bb78cd554c10afea003d48c5f8d78c905342d0/60.jpg
3966,14.00,44.11,77.19,https://commondatastorage.googleapis.com/images.pricecharting.com/AMIfv96rb2uR8uaH2Z7eupNzlDmpTJlT_b7SbDVSlhW_y5-QhSsVcsObibBOIroVgZjfvJK8j6bQqSOm0liZCfdUopLaHeMLKx_H8g1BhkO--2pb4R-EQkJUiPFVVG1IqvVsXJYxE_q17SFANlwdeimqcrkd0AtlGQ/60.jpg
3674,10.13,40.12,950.00,https://commondatastorage.googleapis.com/images.pricecharting.com/AMIfv94oESVGiHDWE6gqUaiewERx2WZf1v1FfBYcQvmUXGQNArJ6GKtOtl1SG2bKT9LbQ50mX3dPhSWLFuUL7F1gSUPNYYnJsiMOeJzfVp7O_JPJVjoBka2zv9llyYfuFQiSpVX2MWjAGdoRSpdJAS3SaZYLpIjQXg/60.jpg
3717,9.99,27.00,162.00,https://commondatastorage.googleapis.com/images.pricecharting.com/AMIfv94AHQYULqSFU6wLy0tmjp67ulWtESk9JfgdEUjokuaBV-BeGutNOXqwlgzcAWF3BePHP9bKIT8cSQo6wQHkLbzGC5_RW-tVzd-N4plWrfy_tGUeOkoqTjzxgpNn4ANKID1E_NgQqW7kdXsgoTCONBJ6bfRIHg/60.jpg
14427,14.70,54.48,225.00,https://commondatastorage.googleapis.com/images.pricecharting.com/AMIfv94kiddQ1XUFSgCNynb2zcqTWX5cX2ylsoII-tJ6UxV3HhXLHjh8R4TA11FiU3znibSKxK6PnOxy2GDS5iH0olX80LNTcXYInfrmlAJcPblaOK0yhmxKNX0ylAJYjf0-Nnn0whR-NxyXaFWU9reKbiphPODK3g/60.jpg
3675,12.16,49.75,249.99,https://commondatastorage.googleapis.com/images.pricecharting.com/6d74957a958f10f37e1ba02d3a3a01be75feb5200564fc9d8bbaeec50bce0a35/60.jpg
3676,28.34,73.61,118.26,https://commondatastorage.googleapis.com/images.pricecharting.com/AMIfv97vZXNlXGym0W102cFa0RltLTTpj2QeOT1sh1ryDTmaOX0ZTv2KucjIXQDAFMfw80I0b_wjBeZ0PJ-Gh2wJdKMjTHjqduQzlWg3p_XjgTDTJRXj4ZVWaS6wojU7-FIC20ClIG4pkUyXLMej4nKCHPDZfQ1eLg/60.jpg
3677,6.57,15.73,89.00,https://commondatastorage.googleapis.com/images.pricecharting.com/AMIfv96DC1U7i9lmx-tHTcStHls1xPT6-QFjs0svqiH60WMwMFW21BMjUoayEAziqmOV7xYxKwK0glRqsWWrFXECdXIPR2z_ZOYzsDyOoxnOtsbEksNnzkO1yUu5D6mUOYrl8gOGfcFYnqyTlIiamDj-5YESvKcreg/60.jpg
3678,9.69,16.00,86.96,https://commondatastorage.googleapis.com/images.pricecharting.com/493f9df6685bae0aaeb160209d9636f6dff58dd9fed026773ea26c554c33bb93/60.jpg
3679,5.96,19.12,47.97,https://commondatastorage.googleapis.com/images.pricecharting.com/b9d6e159ca7af10118e7414d05a3b885c4f4c987db1cf39c142eeaa7bc23ee60/60.jpg
3680,31.13,59.97,150.24,https://commondatastorage.googleapis.com/images.pricecharting.com/AMIfv95ek17XSIMxn1KQHaYXGwC4eYWCNZkH4fAF4kz-Z0fziDtqBiaNOfgt5oKEj8C51mbOWDsfK2CbDrC8-fizuX0CY0Mf8SDHOCwyXY-3Tu3Fa7u4YNh3bG3-gBd9TqvuxmXEvWoZA8mrA56Gjn78Xg9gZwBozA/60.jpg
3681,9.47,41.00,72.71,https://commondatastorage.googleapis.com/images.pricecharting.com/AMIfv96jaYPzdLHpu2NK4Ye9lKn8r57ThZajbCtgqZdvm31ZYgoCksbQzNWEaa3Rq3-1mgjJtJRozHwXWPBmWKb4hRhmvGWSck43P3Don130l676lweav1uoAV6KB5QOYZhBLjprL0ZVrgE-cLd3JbF3LrLhVqJT-A/60.jpg
3683,15.99,54.48,111.99,https://commondatastorage.googleapis.com/images.pricecharting.com/AMIfv96br9czOaCvuBUzCKguwTJJ9Z99OE0txi0EkoVgff79PLP7I63YxcJ9Gio1YU2maBNCKUgr6oJpUa_jV3fzXecN1yFZMFh3NxBF7RgL48qzPdcB_4FicgONmpyOYbSDIVQkyydSxudeVH01lb-Z5_UWKaWTCw/60.jpg
3684,14.02,47.81,199.99,https://commondatastorage.googleapis.com/images.pricecharting.com/AMIfv946-JahAuk-ETlHQTb9hWJi2FD7NM7GCWOFfQsP9E6Pao-Wo5Jg_DCspN0yqZ5EV_CXv7WcbZfBvsg66IglzeN76ZOeqKrp2sUJJTZ0kVkMIquad2RAD5W8N6eEpERGSDqyiTQB2m7ESmb4OdjrTUR3cmCYXA/60.jpg
3682,17.50,56.86,214.13,https://commondatastorage.googleapis.com/images.pricecharting.com/AMIfv97TaWidw7qv7xTTYX5_WV1F4mNbE32ekVN04WrRPwhxbYZn11LuwGhL8XvTXN-cksG6rxrJEMqWWGw9TU6tpk2L9q4XGHvjL1PjHk_eqcGtLyAPe1oxY2aZYLAQ_9Nzmpj2A6LRZ9bYgCa18NRHlXARiHArMQ/60.jpg
3685,10.47,45.00,174.99,https://commondatastorage.googleapis.com/images.pricecharting.com/AMIfv968huRTw4cTS-CbThc3CttC1B747axoJgcLOEeK8vmV1UYARM5NaRH5TJ8iIx7dZ8kYlw46aCb5TiAzbUSV9ajZewhS42sU9N42S2Dp5KydfnS-LoMLK9QqZXS6DslU9MVgZYGI0FJ8VdODwoaM5qeAIetqMA/60.jpg
3695,7.64,30.24,226.00,https://commondatastorage.googleapis.com/images.pricecharting.com/AMIfv96nWYLXSdYr42KM2JcJHeUpxymkdKLjMA397n3To_rT8zblDoqdj88GmGZ_fvz-irjkw_WRYf-X_Ve3Z7tz7gc8Icye3wtZW59aQ5HlmdEyqOsVHzECSvu5RipmvPrxAMfTbAHqKocmVPc4K2mAPRe18gUnXg/60.jpg
3696,20.37,95.00,768.50,https://commondatastorage.googleapis.com/images.pricecharting.com/f5c662251b88c6ccc2ae87b3c0f44c4e132f7a153099ab9b983cff7457deccb0/60.jpg
3697,26.41,117.50,705.05,https://commondatastorage.googleapis.com/images.pricecharting.com/AMIfv95qOKEzowvvLK_DrdRxv8ldulvY5u6Pica8BOZf0UrgFwmnv0U5EfXBTDwOnBB8eNz4ExnZlCy9-2ncyxTsQUc1HBYdJ7HP4vIOuHauNKBMd6uBcK89hL1Oq_JBLzg9cweiJXVp7-DBMonLYVHRqnd1Q6YcyA/60.jpg
3698,9.99,22.47,61.71,https://commondatastorage.googleapis.com/images.pricecharting.com/AMIfv96PSUolnPP7PAkR3Bcw4aALaC-IsZUSkxbxeMZa3-BtaOu2GEgHNJ70SKBVmFF7gkcJf4TT4t-EhuujjevRRoMIOjAnV60vPx5pzBM3X05DOCqbMv_kEj9lCmIHRz7k4p97nRHI__na1K05umtmXNLYS_VzLw/60.jpg
3699,14.50,40.00,86.76,https://commondatastorage.googleapis.com/images.pricecharting.com/AMIfv94D9Y48eCHQIQ8rk8oF3UPk_OuZzG1HaMbLGA7XZ5VHP8a7ROQ3j-jl0LMpD63CZyVY15wMKj6EPSHlyYHgTfzTgn6twqgFoC1FYMG6ytUBhP_WWKd2qzaH_DiIPMGKqMSd3MKphua0OxmhGbbmibfU4viZvg/60.jpg
3700,38.80,196.19,388.03,https://commondatastorage.googleapis.com/images.pricecharting.com/AMIfv9587IYZ6tFpYvjzIjzwZ3_CRBP0GDo8I9HrmQc7KmzdF-uDaY1mL58OI16MetO4GyRGGOxSL_Uj9lNIfeX_rWNYRLcLJyBYPTcAoszT13Tn3p7ihGGPm26SGitHI-4tuOgu5Fc0Tel7k0p1LcaHV40lak6LMA/60.jpg
3702,15.90,48.66,180.97,https://commondatastorage.googleapis.com/images.pricecharting.com/AMIfv96yoWrCY15PbHVfeBacryVF8wei2ECV2RSeg4OadaK4NYIx0AYNgsTmjy-uH9jkOPzd2GqpBj-HLy9wkYA82Qn_ex2JgHHkqnp8zyR7RY2q5KNvUoA8D5iDbQir3JwxMsV9TyaA4z-QuvJHCXH9K0CtYwNQzw/60.jpg
3703,22.81,50.00,205.74,https://commondatastorage.googleapis.com/images.pricecharting.com/AMIfv97rDC7uM6rjCSCO9Rd5hGQURUK1aiVvIwbLIhnTE2Rq3SdiLI5fgQTWaT37rd8xD8kBz_tE5S-Jyi4uZJm6rQdf8WLnmpUGYpoHn8p95zKHo4wJfvb2LffrpYP1IZJ0p6qwFBQDjmRDYTbwSpX8Fs7VUX8h-g/60.jpg
3701,28.00,96.84,"1,103.74",https://commondatastorage.googleapis.com/images.pricecharting.com/AMIfv96yXb17OEDg0lENRUXVtVbOYCyYojWs_dyhavCOndUXxlH58URSCjVEVe3XzUEOUu_VTb7h2hIEnfh-5ha9h62kdZG-j5wbwPEiIpoju8cOdAlW4K4OEjxNYu4-zYsEN4HSFnxcNu6VNypXELlVHoUiCkrYGA/60.jpg
3705,19.84,70.54,157.50,https://commondatastorage.googleapis.com/images.pricecharting.com/AMIfv95upTOWD6cKmOo5Z5Y1AmUIHUo7ZMa8OjUYzQ-3rryh9Y5G6VbCV9fI--BlYIgHVM-VwlX6942nTGQU--X9Dy7AUKYdxlMcTnj4QKU11yM77ymzJEVXXNDtbg2Rtg1deEFZOnD_3v65kndC57IOrVxFP1Nn8Q/60.jpg
14428,65.30,342.89,"1,058.99",https://commondatastorage.googleapis.com/images.pricecharting.com/AMIfv94EzTM3BKS-1CWEX3QKqzj5q1Hjk2JrcrwpqvWQUUTYALmqoqRKCX9YVbLXL1-yLVssGBIjKye1D-FOfug6DE_R3pze_wUDo-JBoE55r7ljmqwn-76BAjc9nh91vet_-CQIiFRwtUbIthSRGvGqac636r2hfg/60.jpg
3186,9.99,52.50,98.96,https://commondatastorage.googleapis.com/images.pricecharting.com/AMIfv95ut_pdgCbdBeAKNBROTifSePyYZPAzn1VSScImdlrEFaK8NefPkLShiqjKEt-9z_8MOsL-mBzZ4L40ZH9905piEafGUDZf0VIIwK-xUqkwO0g3JDtLmLKeW_VU-l2jpS1XsBN1DcqO9PPWOZUiin3u_jxUAQ/60.jpg
3707,15.00,57.31,247.23,https://commondatastorage.googleapis.com/images.pricecharting.com/AMIfv957PcznjURTA3iF9zVh43sZ1pecxIQ1y6xcAlZaGwcAd78prgTS6ef3w9chW2WRj19oNv3brGezMQbUZsuyjG4OLNO0OhtlmtaJj6qQynU2ynNTRjZIxeOzXe_A5Xc8thxfiFNDk1opY-fcQKlJkkjc3laHzA/60.jpg
3711,24.99,121.38,242.44,https://commondatastorage.googleapis.com/images.pricecharting.com/AMIfv96ROroGhnoRL9OXWEdJiUgpBc3ks7YSyQBPGdZdFglVW9UGWJX0oxJaOcLS7MYLZuQ31yTNcUTTOmAwJ_BH4apJXihDndkBV604evWzylt9S6_YH1OfEb9Z19zozQIL8IPRb9j44NOVfir4Ny0efO7wD6Mguw/60.jpg
3712,17.26,65.00,160.00,https://commondatastorage.googleapis.com/images.pricecharting.com/AMIfv97wWvVG48RTLOwEeT53rEfcB42w1TXoWdzVbmgmKtQXhNBnLO9Qb6rNDW70CYaf6QMYxroBkX4axOFkWeatJ1pFj9cC5Nre5dWlM33_3HU3H2ac4ijG8BFgDD8BwuhZZ-VjzjNGnoMYiRanqNkisRvPCKI8NA/60.jpg
3713,17.74,71.28,335.79,https://commondatastorage.googleapis.com/images.pricecharting.com/AMIfv955bQ_704b2g1l8LlgY4GjO6ejm1WXJPwodLukZWRNWeakH_bOusNXy0d_5pyy_G6iR_sKkFO0DiwL-NA-5ucIV3E85L2gZPclpJPIYaEiBAji4jqUPYnEZkIqibWdxOYzu53Cu7Tk3AIgxuZJO9G5ALUYemA/60.jpg
3715,215.00,866.22,"2,685.00",https://commondatastorage.googleapis.com/images.pricecharting.com/AMIfv9449ab6H0FAdUWU45lfnE1fKSnM3cWmofRYX2sQ5nX7lxbhEd7RuQm8u7ZzgwaSBCKx83moVLmwsFFY10BNAGWeC5XlZVDZHa2Gb-ryJKEadbktXtbejDCdOArJ8E5CYIZ5u2Ui9hS4Zqs5_D9_uEG7rtULJw/60.jpg
3714,16.00,74.00,410.00,https://commondatastorage.googleapis.com/images.pricecharting.com/AMIfv95N3WdPggpdvDryC8SUvOAjJr7u0WtZ4EUicgMGLbetifpmmes7n8ladGyMLgqiqps0ppHtiM7RP3TBPPNUN01E0eaYTJ9jrIYy2uga_aF0CJBRf7ZH0T4PmV3AxIvpGMPnYzEzfhfCpkhzKvkiCgaWBab67A/60.jpg
14881,18.00,48.98,51.00,https://commondatastorage.googleapis.com/images.pricecharting.com/AMIfv95chvgc9JNbDdDIS9XklLUBF2HtioEJ4Dvwf4QEklyBZ8S2LeddY88MpR3dY9IW2_xYv67RPqo_jqDpNdvY8Aniaxj2bdnp9Bz6ig6louNeQF5-t8hUNoiI9-A12fnZ9DqSOtb2p_1ilpmsfwV-pYR8cq4bTg/60.jpg
3728,29.09,89.00,501.49,https://commondatastorage.googleapis.com/images.pricecharting.com/AMIfv96yyTTHOsjBmUeGv6XOOedTw_zKucx0Lu-Z7wTIV68tZONqYT7EtsB1BYxBAeI4pBRIisH05gs5gSQsdCqNPoKK1-eWg1scgZ61mLwQjBz64b8XVkeIkTiSiaZ-SAQzro0rfYwW35rYl1UxJEKn2sEdic76Qg/60.jpg
3716,25.59,94.49,187.28,https://commondatastorage.googleapis.com/images.pricecharting.com/AMIfv96dbB5krw2vj7HKmYExl8dpT6iFrEzT2xpH_lwitiPk8ICuEsLQGnNowtt1kDItCpFmpxM6fw0-2ASfKaVs45_wSVFx31Ipgj8wrtqyTiRTqGJpnO-gY0v9xfSbxZKtJgNfz9mRB35jGeGdRzzV192jeO0ZdA/60.jpg
3718,17.50,71.00,124.99,https://commondatastorage.googleapis.com/images.pricecharting.com/AMIfv970VimmBvcGgNUEk6J0ZDx8EZjz85tV_SJo568VgH0rOXNMoapMxiL9eSp9S8CxZkrd7YNpDIi9hBqxc9yrWeMFC2DFaCAhyvoRbrSJ2Paui5q7Dzj-KCowCJr62EqvEV38Ry3wUklxOKof9LV1tGFeRFZ1AA/60.jpg
3719,36.02,124.48,642.37,https://commondatastorage.googleapis.com/images.pricecharting.com/AMIfv95wghqc9NKKwXz-sUOMx1i39yD5tRDSBZeCWr1d51Dl5VgykG-4LG25gI4p2bs_4Z1VGwdxTexPBIgR4hd7L0GEN39W3y6rw6aHZl-2mx1hpwWxYICTmGwFe5sDmoH_vqIw-v4XPLxgEPO1mqR2jiGY7J6Pyw/60.jpg
3720,12.61,44.79,99.99,https://commondatastorage.googleapis.com/images.pricecharting.com/AMIfv94XlsLaV1DdSI8Fea-la4N6hWbrfZpceDSgb2ApnED7QOOY8hvHr0XAFSfzXOcdvoLA3lS-cZy-AegZB-dNFd1SfOVn0Ogyt5t3TsWC4B9f1NXO2Yqh_Cd9fPNplsm4Q2ZTSgBc2BDYS6VyGvr1OmsEGbogRA/60.jpg
3721,65.00,198.75,616.00,https://commondatastorage.googleapis.com/images.pricecharting.com/AMIfv94QlyXxRYcYAk9AhHOnl7Ht34YO7AzDZBDdx9BjQkGQl19QXsQH1QtC_xMNKVq1VU55i38JPnG6uNV4s_LT2uZXLWUWZz9xzEnx-4JidDMu0UE2CNCnTvFjFa2DmbemYmgFSE8I6aaRSi5u2oROfMuqoyZaag/60.jpg
3722,21.81,72.00,309.61,https://commondatastorage.googleapis.com/images.pricecharting.com/ae0a60661048cd222e87cb3047d0c949dcdfa7b4e270d0e86ae4768bee0b848b/60.jpg
3723,110.86,345.61,766.92,https://commondatastorage.googleapis.com/images.pricecharting.com/AMIfv97Ogu_2vc-Hf7j9Gh46TWaBCjsDaIG-xF2rCtRxRUVWqCf8JUpWf6lTMaJJEunqPFNqsaVGcpiwEAT68DyzaIv369Qj-JDpLUmQA8Nuoa3EHKA19aSF5bKcMur5NMaC3O9f7_2EQRnNL0-k_QaIflcfcvX_nA/60.jpg
3724,28.99,113.45,352.00,https://commondatastorage.googleapis.com/images.pricecharting.com/AMIfv953sHeWsmffnuXH8fzMOWJCJkQnIhNPEuCjv36qc6ZchtSibXZ6U6na-opFWEt621eraFuZykMO3J1YX7crz3_j_cQSglu_aRJy7jnE64ix0F4jW6kcxkq9TGCbc17oN10j0c3T_4afCjdLYulM2DNfYktnWg/60.jpg
3725,51.82,217.75,675.00,https://commondatastorage.googleapis.com/images.pricecharting.com/AMIfv94qacXiTozx-AzLgiSI_sRg9yM7LyOmD4wJmf0l8tMTlGV4zE8BTOkQJLDKhlhAiy4RJpFOojmpYyorx8XWyQP3lWh8tdX5B7fAIiqbFEStfEcPiTDM3iN7xdRN6xf_3dlAbdmsf7tCWRxTerTzSa5k0-dTWw/60.jpg
3726,34.36,210.00,426.54,https://commondatastorage.googleapis.com/images.pricecharting.com/AMIfv962szZIDE3lJR_rVeo78DwyABAGc1otm4jEMDCziu4JJS3Pjm-hakB7OlOR2ES25qVt-Sh0zbAtbhcVzWd1EipkjPUuRoNVR4cqUFZ_zdxRAXv5kevDF2EqpzeiI6lbBPB8Twj8PoOrlhkCXp9DRVO1_o2vNQ/60.jpg
3727,10.60,35.62,150.00,https://commondatastorage.googleapis.com/images.pricecharting.com/AMIfv97qv8oPW2YxR1pihpqj0DxMDXFtO-bQ_DldJ7iFpYLzfXuipbDmPtTB6kzGxxjzo016gANV9u8yWTg0LNTMllUYQazcCa7GSW6CFpxxcip-7wNZEXBvhK5suNqx8DzUAGwD5XeZohO0jFCCT_zVmDNKydN1bg/60.jpg
3730,23.61,137.99,645.47,https://commondatastorage.googleapis.com/images.pricecharting.com/AMIfv95mMrAFY-QT4TqK3ELhhG1F1nLg-Qg9ukVVeiHTN_ViICi2BKsaPzWu-v6knPpYL_ei3QVxK7W5Jn0o5gTxWJfHOEX-jjctlwDEB037o1FqO3Lu3NUYwJglo0jpsg5zKukJUeV5z9CVyz1dHE8A-dZg2cZDKg/60.jpg
3729,"1,000.00","5,200.00","16,120.00",https://commondatastorage.googleapis.com/images.pricecharting.com/AMIfv94oysFctnkZ8gjeu4B87JaKnoW5Ib-LrGtozzJ6BQHctmpeD9rGXs4DCeapdtHrsrsGDyTM_fwFeDok-djdeNaLjjGb39iE4XUi6uf1CTarvHupS3Y-oBZKjhev-A2ZfzzIUgoL2BQ1vxwvm_aobW83rLOClw/60.jpg
3731,14.03,47.79,125.00,https://commondatastorage.googleapis.com/images.pricecharting.com/AMIfv978mk6XINqyzKaEkr3gboWJklx9ru_01YJ-4ReHCtk2obmknIrarp4Ydt7w1BTZ6DuZjjDN-gW2ukm-6OCNIbba63Af2GOnHXFuwVOWSWufgLVNm9rDNDObdCVEJBeQ50Y5kaOOc3mqrKb2cosB-yBk0FfZfA/60.jpg
3732,112.50,244.79,615.81,https://commondatastorage.googleapis.com/images.pricecharting.com/AMIfv94utlmsg8lJGLz9NSKXBNzKNu0k36Q7D5wW36ApvFvgeQilcaM34MNMo5Bmw9n1LnO3OEAEzg0bXOjqpLJx_yereIVPtldN51IJjxsGFqioaZw-wCvD7uB1er4Ia8MZKIOfvc8E4VN35SbqHvrIAnwkNN5bXA/60.jpg
3733,33.22,110.09,392.13,https://commondatastorage.googleapis.com/images.pricecharting.com/AMIfv94cfXOago9tqJqb_6JIYONY4xvqMmo7aNLfNkNRE1QeieBLAqRwkwqxAv4G_cC0LINwO97iz9x_HwKTmzhbcP2zKsD5xoEhJ1yBplilr0P-WAdbMPdOSFyeQKCqKMRMaIn7vkbq4orFvRxDBVtQQRfjoUm7ZQ/60.jpg
3734,13.75,45.49,540.25,https://commondatastorage.googleapis.com/images.pricecharting.com/AMIfv94FLNUxPZQip2ErZRZbozkW58BbpexC_Uan_MkS_NFgE-tOw-WwqbeC29XkJ0BRJZDLsxlckXnWclzprJfRrhyeqQNyBNwVa5cAj-Ec0jRouIeXeIjoEkfHSoXpNHbPb6e_6q4ntaQWznimuWIP1gc-ITMUFw/60.jpg
3735,18.38,56.11,700.00,https://commondatastorage.googleapis.com/images.pricecharting.com/AMIfv95D-5xNUc6DUCJ9hFGVY_Vu6NJp5swTDwjQ_8VwhgFpovdoS-BVc3okm8Z0TBuSo0009AkVqYqJOXLcSzz97q3rYOq8CwtoVm6RimZTtXpQlK9V1PX_LtHPOuaXphbzla_pHtHbjNfpyJvk-gHrFSz0kOgR-Q/60.jpg
3736,14.84,70.50,251.94,https://commondatastorage.googleapis.com/images.pricecharting.com/AMIfv94uyLybiwooPu8dE4u3v9Y_E4yAD7cYFaeGPUF1NeO1_KYGGdR7KgQzrjGTX26e16e3ymXJ0vbEaV4Fly75CnJI7RZCRTMajyKpnvKPFL10YR7JguqffIinxsxlEfCFsiZZNoy4C61hU2JFNCy0qnIhL_9JPg/60.jpg
14429,79.99,535.52,"1,660.00",https://commondatastorage.googleapis.com/images.pricecharting.com/AMIfv95m-SdVlga46N-aOtnjbYxW2UgiJ7BRSNg6-q54Yk00IYY5QjFfiStbdtS5eJVyDRNpsT-MLp2eYaE_upXUNwYYe-GzHkqvYi7C6lLfcHKRPGjsh1RZ-72fY0bgarIo3eZSaFvK5trjS9eCg_0DrGC3oW9NDQ/60.jpg
3737,7.69,39.58,122.50,https://commondatastorage.googleapis.com/images.pricecharting.com/AMIfv94f6WQznYA_SIpQUXzALiL19OttQUt_IkGUfjaJPEiRoCOQMWYE9EScAsdYsp9Q2UGoLwXF7SjNCT_QVtGkpz4n_dRxdnUEVkN2UBPGkqLE2PNNAV_tuMgMTccd_YxRYbgwYSFEsId1HbW-QpTh7ih0hMrK_w/60.jpg
3738,34.21,132.43,279.19,https://commondatastorage.googleapis.com/images.pricecharting.com/AMIfv94ll7vh-mY9blI0weLVt_0t-6UkXorLqggfsXfAbph2winqTiOVfAccCngasGMuy2Y6rLJikepdorSk40RluTzp-G7RQ1Cre9JG4ElzKREvxmPLcGz_TBltlMLvzUUFddS-FRfnUz9fHvdK_V8LS5OFTFn6IA/60.jpg
3739,19.27,67.14,325.00,https://commondatastorage.googleapis.com/images.pricecharting.com/AMIfv9537GvSIWz3rnEpaFoxILpdOXL-pmCO3PgMktbjbGXYrzSFsatstMaV-QXWsWuDb-BWS5NzBzBy2iDSBFz1FIDN-jKvuf9M6Hv-X_FDgJiitbVegXUD7OgGXwpCfvjUHHpTqb_iV7wTWKUODwZJmrPGL-iqig/60.jpg
3740,20.25,71.50,299.80,https://commondatastorage.googleapis.com/images.pricecharting.com/AMIfv95TVWE_IUchNwqf3JEDGxZeiSeHt4nRS4dqj87j3sHrUKalSSaWm2YOYINF3xG6KI_KFndUwZ2Th-pXX9vMijkiKlJjsGHfFynd00314WMAOhhqc0uMq4Hx8ppGHkip46wBbT35xP_1uHoQwkI0CfB1jsHP4Q/60.jpg
3741,44.99,190.47,590.00,https://commondatastorage.googleapis.com/images.pricecharting.com/AMIfv97vxgilDb7jZDX8f0sX2uXOD1SX16IOm6_reHlExQMpafcZ7X7KcjyEN3HJmACVi1zXRylK7BYTRLb4_cwJRlsIsLJ_fIoD4hKLYR7ctjZkQ0mAWyuBiD2hsWxVTMT2nEAR0I0YcX499xIRvucmiDH5nLN0oQ/60.jpg
3742,26.16,80.00,248.00,https://commondatastorage.googleapis.com/images.pricecharting.com/AMIfv95-7P3kU5mLEXWXTF-YgUeMV7473UDjqyU4lnOMCEjaWA5tOHUAfvtMW-kgUj8DhetDXkt_yxblIacOx9XZMJT-YZOjNEQJIF_zZzyqWfXDG8QX39UWkEggTIZFlEEJC7XoLsrHeouoTkdlpCF3iswBODxr8w/60.jpg
3743,26.75,76.87,550.00,https://commondatastorage.googleapis.com/images.pricecharting.com/AMIfv97r67JC7cDx29JstzArNpcuT2MA-9W5S352bMkJM7TN2Vw0P24sqRBxZnHvOztM2e6X2SkdOZy_DuJVlMf00IiC818t6ijn5pQou6IplZ-C_0xf1jpSHCG5mtfA-mzmJOrUD4GQMBAPGo0ifj56vB75ApUBXQ/60.jpg
3744,21.99,57.24,307.83,https://commondatastorage.googleapis.com/images.pricecharting.com/AMIfv95kMH8xg_T9vdBECx5oSbVvBqQOOnThCelhqJAAXr1JEiIrJPH8Wu6hyBXEaKQXfCUF_-Jb8-WWPfkUkuMJflPTXVzU34Ey8N5ZTCu5IPmkEb1XrTx2gSnCRjICl0LvKZhYwgnyLpZVIj2Sc-_KrKyJOosZ5g/60.jpg
3745,19.48,126.78,194.08,https://commondatastorage.googleapis.com/images.pricecharting.com/AMIfv97ydr2P1nO-EGWXKb0ODNVPyMp_ywCUuk9WNCnzS3nLpyamCxG1V-WQCgBB6etQ6sHqMcUmP3g7niL_PDD-Ng3eQQwFsMCveXL1nfW7wpYLnEUeMIMzq2cuk-OdwrQpufVvx-I7-UeHT-vS6GS0kCJRps5KPQ/60.jpg
3746,92.49,298.75,438.01,https://commondatastorage.googleapis.com/images.pricecharting.com/AMIfv95OyVcHM8CzC1z1HNs3-EhCIfIUFhiDomivbFEuEknCINMiarf2KFpqzqXw05NPfLo0_b4xRd9pE5w3rMutvbD6XeaYsKSSRLXa_OoVA7houc3LMFRtuek5MqRWdQJp479sYJPu9fpmi-41ASlvVSuzg0Ykpw/60.jpg
3747,20.36,62.15,250.43,https://commondatastorage.googleapis.com/images.pricecharting.com/AMIfv958ee6Ftqo2Wa7fuKobGxw7PSCMuJJ25R_9f8oZdHkb3FU21SOIPaTyUQr_ApJEebevSHQEN5HIV8uLT0A4WdD4eflmwo4ZJCsYQvGYCJT5k5TbcqO17WK9kPPidhuwNUadK6lHJrOuXPVpHstQKQoyMhAQqw/60.jpg
3748,18.77,70.93,246.25,https://commondatastorage.googleapis.com/images.pricecharting.com/AMIfv97qrisYWImho4lJQtexSZj4FbIARfjN-DvCihTY_ZjSJl4g3D_1J0LZCry8vhhWj45Bv-EMD3uMWCUPjN5k0yrm6T9n-ri_fRVSmnTpc8k_mdZNxYbdpKCIF1lE2kjJQCWpwTkZXV4RZg52C8pr3TWTfy4ZzQ/60.jpg
3749,59.17,213.21,628.68,https://commondatastorage.googleapis.com/images.pricecharting.com/AMIfv97E_LlyrsBCkvAe8DbFIUskJbfEI7ZzX07I49QnXeVVS-B0epmnc98TMbZxy4KGKCqO2cKuhAEwAUvqbLlTHSNnUC8p63-nKLaJ4mlmzAPis7C4IUPB9oyjeP_i8O_yLdaALIcP8ReNa3H1fTDSuVO4v7oFWw/60.jpg
14158,10.00,40.00,69.93,https://commondatastorage.googleapis.com/images.pricecharting.com/AMIfv97ShNKFbPJXwxPDoxt4QaeDZGpE8eQfsdcDvelvWNfvu_BOoF2Jrz2jMoc9yauclhYc165evyGY80jq-l2B0nFJaqN1OungjQHL4a_eTbQrw_J0ZWXVUbG0T0xj5zk6TLVWwJADFaE-h_kK7RNhks2uNH7gew/60.jpg
3750,13.95,75.52,250.07,https://commondatastorage.googleapis.com/images.pricecharting.com/AMIfv96r9oxrVSgHvGykfAGdZe5BF33sSarTXZdacyHAvIUDAkpUQt0tXpTKvBwBEtfCwaFRUTzcJcc_iub5NmzKf4IaE0iVi6nqAjdjyyegIEO3zitljVEhzCnoZ3SRhOyBvenzO58W1JDsjx8r4NpTAf44dyNvOA/60.jpg
3751,12.25,71.57,200.00,https://commondatastorage.googleapis.com/images.pricecharting.com/AMIfv96M7bvnq6DATvi6S_IAnGZCKsGd2lSlDiGVmgis_e2i0bfPT7bDso4MYVvQBwBJ2cCN7Jqt_pE9adv5GDeHAzCx2vU1ZOgvjuVfqirR0C9c5rj3IF10uswscyB1xAoxwagM4dpuEW3aHycQg-jT0OwLkcerTg/60.jpg
4893625,125.30,400.96,"1,253.00",https://commondatastorage.googleapis.com/images.pricecharting.com/4d1b368b028d89316c10d45b90c714913c60f3786036c6098b4c17b6d923ae58/60.jpg
3752,11.50,44.07,"1,054.00",https://commondatastorage.googleapis.com/images.pricecharting.com/AMIfv94h_Nq1HJ008bDu5NINKEWGpbkyt4lM_ab5qzX8JKTqz5pHSUcLgiO8pK_UURuCt3R2AY-Idu02g4yUe9EsFjE4Rhvof3oV-aRxleB_U8L35AALtD4VGwTHE63fiNg86QF7PCXHQlM_LbAmyoBlXuWVq6ZTRA/60.jpg
3754,10.25,42.19,138.06,https://commondatastorage.googleapis.com/images.pricecharting.com/AMIfv94bzROQ88DDxn47uWQ20WuwlfUX5pdc4wJ5GkeBdZ6Shg8rOZb2Opm7biSqqarpCZLVv2_02EQ5__bCzV1-CTSD9P2H70z1oQ9S-g3vbdNsCQFVRflX4EBVkj-5-VEQFLnLxlKNEcXVvo6TBcIH8YbKFGExzQ/60.jpg
3764,25.98,113.41,249.95,https://commondatastorage.googleapis.com/images.pricecharting.com/AMIfv976Joo8r5Diml3Ql6hWDfzMPt6G1LDb9Xomd4UxEEr2d2kYHPltdb_IpTNlhmyu-ZyLcTPJ8ZfYMimxdiW-Tv_NB5JbiZOKDWHjeuN1Ssd7az4ROgToa0NqaFJr0J--wBl93dj5opjM8nx9WAIoAG8hhyZR7Q/60.jpg
14430,8.00,39.99,125.00,https://commondatastorage.googleapis.com/images.pricecharting.com/AMIfv96wyaLksM1ixxXuD-gLggoo9C0dX800JyqYtbgDDgGIPtZkxFdkvTn3TdG0o9hWcFMK-wR0O2GlNtqpQdGTlGmthteAQO18UV72fXSszz9WJ6odQ17XnGsWw7GpebICMCei0pyUYmDibaCIUOelP0KJ2-yblA/60.jpg
68891,586.49,"1,873.09","5,853.40",https://commondatastorage.googleapis.com/images.pricecharting.com/2a9100f4006a46b89f51a56478a5307a454281328b4ef676e4a77ac9350fe7a2/60.jpg
3755,5.19,20.00,69.99,https://commondatastorage.googleapis.com/images.pricecharting.com/AMIfv966rV5YxxCn6d6nkHaBR-HFQgUIN1k3OX6NOhYQpxCU7pgMNJFY6aKwzAWs7R4DSPpgdIeIm3LCJdNT3s9Tll6UKAil7Mg-JLcsa_bHtzvJRqfSAbrQy7MOmlQXi7MH_fpLuV6-GvlQtcVuUTI4WsDKKLRPZA/60.jpg
3756,8.27,39.50,122.00,https://commondatastorage.googleapis.com/images.pricecharting.com/AMIfv97JRh3q-4EZCDMgaGovrP965TeKAfFiccKNHu392V_CCCxvbaJjfeA-WfJaiyWd7VuammHcmfM3a-fhS5AAx8d30pQBuT_39cMa3SsSvkYjIPWB7X_IPYF_qu2XaxBloiFGpCfiVUWt2WzoMSgtWt3qDxm2FA/60.jpg
3758,15.49,50.00,155.00,https://commondatastorage.googleapis.com/images.pricecharting.com/AMIfv96P29qB0a9M0vIaZqueMqX9P2v-LIZt5Z0t9gtYnhh3n4DlftCtMVrUcbXb0cfXJ5hXbn2wjCpj0PpqSUkCXYIE7vBWFHdPpsnrFPDK3QxCIMF2pj64g6ruR6VH8SyW0p_3ZIfUs2TlXemuOhSogX39PmTe4A/60.jpg
10909,16.49,38.50,192.17,https://commondatastorage.googleapis.com/images.pricecharting.com/AMIfv95WvYkCuYN5PMZmxpETXIrpaKznt5_k2tNZQfi4sYke2FmyziAnOAyOcEjO1fSo7uwvueir6NmZxF7i9jH5DcUSu_-tl6zMEEHFwavLJM9fz0Lk2k5jacjkKVAsQNaZSkCHcgWY5nq53GPFUDN8qp1qAFq8Jg/60.jpg
3760,26.09,189.95,450.00,https://commondatastorage.googleapis.com/images.pricecharting.com/AMIfv978YyTmtaeT-_wmEDQDSGgHcJAYgxRoIGeuQnfUyS67tF0aqVE16MyTGrYgFF6cRO5I7tgvXuxxU0xd7LcsDX_LJLyPm8BKQnD8AqoI2ORt-GCdK7NDJbhFGwNj9Cg9GTE6AYHDZ--Xe-v-Q6O6dZs_pYYF9A/60.jpg
3759,12.52,50.82,325.00,https://commondatastorage.googleapis.com/images.pricecharting.com/AMIfv95ry4_VTcR4m__t3HS31tqH2raMA4p70yAZFDErV9KHMMALrRkAcmlz8zgU8qDJ2RN3eZIh2fhSkGosrwUMxdP7HK6GjKcbhK9XMxyFqPEFtHAg9Y52JFDK-VRt75oX4GHNfPS5xBSIsCErQNq_RVplTHyN4Q/60.jpg
3761,29.99,175.00,543.00,https://commondatastorage.googleapis.com/images.pricecharting.com/AMIfv97epNfIlg9pLAyyFvdGAeNI_p4Boga_GeX4R7fk7D74fQyUR7ON7OnOgWbIlosHsCjUO8rIUB8jz26BAN1rIaLIx09WTwvi8f_WHlBmjc9EfLVWqIqPfxqh23Tz-4x4QJlH4EVrSTX4qVu_yz5RfkPWu8iEpQ/60.jpg
3762,23.47,207.75,355.00,https://commondatastorage.googleapis.com/images.pricecharting.com/AMIfv94WMGfij0t00a2HF5OBSu0hcFjmFpqoWbZoEHfjIQDhSBkLP5Ltort-lCEii-lKhvrXI9j3AaKCeGw6b-om7IKgbGGxeXC9cf0ms_y4IPv0dMTmDuGlR89t8DGdnV8yPCjpNiI4wvvW09jXNZJ3SM1FqqEhYQ/60.jpg
3763,10.00,39.50,79.99,https://commondatastorage.googleapis.com/images.pricecharting.com/AMIfv9631KuKX0QsIFvNEUH71x2Wx0IltWcEbZgCGeDl43Jm4u4sqd13y2gAwh0_umlx0ALA8GwpN31ojjUBFG4pyxKx9U_1U4v9aX1vj1X34gKoKljBFeaGtzaaHPjT14LTiwiOItug2ooeuI_rJH8U6Sb_HPpVww/60.jpg
14431,4.99,24.87,45.65,https://commondatastorage.googleapis.com/images.pricecharting.com/AMIfv96R-1HYAoI6XDM3b9GpKdWBVpn3tqADB9vNA8dHTqz8KqF1PTgD-eCq-tvkAylPAQGvRtPIGY6IBERP1sqA0FD9JStwtKWYG9OwiJURWnYbSkw5DgENT5FFWWC_uITpNhSn9vgSTpN9OSxi3lCGhmrL0DwczQ/60.jpg
3773,32.00,69.00,166.60,https://commondatastorage.googleapis.com/images.pricecharting.com/AMIfv97V-jvENoKgcDyisRFJP6z5TSfP-IqWoFRDJi8eOyvdXfSv2o9MMMe8sfVhrsIx_fNEvWo7lYXeTbARytjnlc694jCnMSkFxOpqDkJ9ea90Sw6KdanCeyxvMDfKdJD2VC6MlK6DWWwh2dQedK5_CeEXUGEA3g/60.jpg
3774,18.99,104.95,157.50,https://commondatastorage.googleapis.com/images.pricecharting.com/AMIfv94D3egK1yMhM99fN29-Z2ugTzG3NoxBYfkPY0KEicYFkc6_Y7Rp6tTK9-gAvms56eh9D_PC_NHuUqP2-vLILsyk4d_NjO6gDKLFjMaL9tCMHOPq8TyPwIcrUAsEKOobo5aiOHGsFIxBttXXVsVCBPz9pqym8g/60.jpg
3775,14.86,74.09,181.50,https://commondatastorage.googleapis.com/images.pricecharting.com/AMIfv94LOI5AfGSvx3TNff2MPfblN4ac2pSTVXfotU5Gp9ToB4_miUv8lZO6fQ8uOMBEgVRIz3W5RumF6wFvOOK9_7u_PzYHaTLRT6VZu8V1CDQcX5v_2TODRwBBP4QcCtn7Qer9Re8xQ2Wa-FeKOoduK96fKkckDg/60.jpg
3776,13.97,74.99,216.95,https://commondatastorage.googleapis.com/images.pricecharting.com/AMIfv97tYLcXlp4ACIrJLH5TItdAXK0_uAkDpp2QWIZe5d5T4jdNknus6OPRAkqfIPfLxazjm-pDq3TVr1nv_w9DBQRr2Kvw191EU3zdpzMdbvHp61YY8vvPybhqqB-JjUZ5CyyqL4t-mBl7oCRYA5QedF8L4A51Vg/60.jpg
3777,109.48,370.82,"1,086.76",https://commondatastorage.googleapis.com/images.pricecharting.com/AMIfv96TBXu2-uTYRYDL9yrby3YQWHM8usS2YA-WsWAGNrXu2N-C6_0t2SukKHYomcKWena2TRvmABHOz597wygjVOnmxgmA2oLBrH_ig4gw62_dL4RblizuvPi4Uuwd53ulipKPOcsYizOFvenCtEbmi53ilkF8PQ/60.jpg
3779,12.15,40.50,88.25,https://commondatastorage.googleapis.com/images.pricecharting.com/AMIfv96v25zBnkXTNH0gna2rIw6TP0CtcvXwurp4qYpw4JXx0pFTsmfSKA9DgOyOvd0m2fALYSOxRftLZSRHVsH0oySBAf0_H9aFzRR9rLlxP0wa-b4Z8cZKawa4ausvTy7mXxCiTrhYde59Zqt7BV3YVIb7QGXnpg/60.jpg
3787,11.88,48.25,224.95,https://commondatastorage.googleapis.com/images.pricecharting.com/AMIfv97m_YInIY3hjQ_Tbixwz8-kXNFA_aCV3kdZdKqv8kXozS936cLlSKL_4BetNM6rFaIqRw3Z874EiJmc3inn7zfOi8mLymrkainl-zvwWEJ18KHQ1_PMiC-_Jb1C-VBIB8KiUU-GQHuHydUSwd9GCRNT6ZAHiw/60.jpg
3788,44.35,250.50,829.99,https://commondatastorage.googleapis.com/images.pricecharting.com/AMIfv96D2o0uy5m8M6iEEjSsYwNpb1CzG4TtfdHBb--BvCS8hQ6ZO1YPx4bWgeCmWjlXu5vxRz9GZhEvbjtpUWzfb7UeQbRL4opPbAfQN9H6DFae4EKIIt-yUyH_LnzVDpDNAEXNZIkvju2jUb5-GmOknTKBKefzjw/60.jpg
3789,36.15,115.68,199.26,https://commondatastorage.googleapis.com/images.pricecharting.com/AMIfv96E9iEn0TUNkCID8r7NmKLDDwulNI6u8vicMrVezus_AeBZZIE578x8RdYW5OZ6pP-cs2T6fdEBAqsJszvNvPzTJ7r0ObZYue7mFkjv-iNGjWSDg-Vc85ZuC-ZhWuEH0XEFaF9aNirD8QQbggfRLXwOrcPWDA/60.jpg
3790,16.69,48.92,122.50,https://commondatastorage.googleapis.com/images.pricecharting.com/AMIfv962H-MfSCZpHh2vKi-v6oBgYKhQoAuW5uFW0V76qJvYKt1n9CNhA6X-HgyFsqAHtUTPN0MDvCbfCSBFxR_vSqZjftVDGqI-9np6vBHkUYRbI46EUe68e9FUE5q3avnHkB-AyXBzNf8zO72aCnloJ0QRdgkIOw/60.jpg
3791,7.97,94.68,319.25,https://commondatastorage.googleapis.com/images.pricecharting.com/AMIfv95-QUN3uLRoculFoe3iMX2cvz-nCnTon4BOAniWZupI1KdWkPUcGfmtxt-RgRhFvkZxccaIl07vQ1aVAO-V6NJNb66h1VaHETlj9RZGD-jF2xefjvw-CKArz4852Vf2XswNm9m6-BFZECrrPVhMUktlzkptcQ/60.jpg
3793,16.48,71.00,231.73,https://commondatastorage.googleapis.com/images.pricecharting.com/AMIfv961E1iiGUYfbZkdwLX8aA20cX_e73XF6NhbmKW8anY5pl8xlS6nr38BninV9Yvr2E873RPc6Q_6nVts348aAepBe8-Zmsyc_MCCbBmQOOOo7Lsp-fwyXwb2cvk-swz5tyJOc7fiCxaoeCUq4iU2raoDIsMVQg/60.jpg
3794,12.70,56.73,143.06,https://commondatastorage.googleapis.com/images.pricecharting.com/AMIfv94FsmQx9jKK8qcGZki0YOzzCX8mWHh9oiwgs5vH9lHaGgikayNLcy8uiHf6lEWMJwq5gRGLz-D3-JoQZfDwr1vbE0czKvMde3SgbDSanDDxsDpBU9r6aYiVc43PO7En2r36csanSo--LsHswxY4-AaPcO7G6A/60.jpg
3795,44.80,149.99,348.79,https://commondatastorage.googleapis.com/images.pricecharting.com/AMIfv96DfW5mImeTVY4IefcFsJk-1xQdFqrjQDsER_2BhfXmj0oXBkcqkxCmmosX9jWqwsgDmGPq--bBGJLvedoKZ85DfpZQlk8XYwLx_eZkr7DxV3WiF2Npr3rYi1zc0xttDqUFLTsJbBeXYSt1H6lIplcDmJsrjA/60.jpg
3796,21.28,105.89,137.01,https://commondatastorage.googleapis.com/images.pricecharting.com/AMIfv961dYpn99IBOsu675SjpEeSqejSTsRXaApN6k6UiKiLl2i0GZNv135BVUaA2LK84-Ae_drZU-Aku3ShIbqcULd0tOMMb8_3IWxgoLJjCtexsx-BU1S7cN6PbdyVnfvpW85gjtUVE6mX-lhlM-CEZ68H3GAw7g/60.jpg
3797,73.97,275.81,855.00,https://commondatastorage.googleapis.com/images.pricecharting.com/AMIfv95plJ1naab2oNeowYOVcTIwGJEHkXePCxnKTmDzRvJG-15Zh-NSmd2e2rIadeflVg8VYBeUG1DrcIhCU_KseFXHIGvFJpHIte5g8sNtDGI_X11Dpih4lC__pbymYHLLK5FFsCDI7KlDHGr65IPxVTErDyG2hw/60.jpg
10904,12.50,55.00,64.00,https://commondatastorage.googleapis.com/images.pricecharting.com/AMIfv94_LDct3pEMfXrhl2kPZVxPn_X0dWkyjS3Rq6svg9dhT8S4zSV_Seccl-CNpQbs8a1mIv_cuRS9jaCAxj9jI13_MzVYhaqC7VeBcZ2WvD3t1_zaLUsK8livxJO1p0swXjv36YGseqyE4a_8UfoK57uRnUo38Q/60.jpg
16188,94.97,223.87,694.00,https://commondatastorage.googleapis.com/images.pricecharting.com/AMIfv95-2Wen88PG8Civ4rATRcrRa4q9HxCg-0J8xv3-ITNghb-6KCkwa42CcvxHksHpACi6bFiWbAfh-Q_OHymI5DpL6QX28wTQrLsC6CV_kQd8NJJWujZAgMFUJegtfFPboeh8eQ2qsXwPSyNL-7otedk4yb-gEg/60.jpg
3798,13.99,42.98,148.82,https://commondatastorage.googleapis.com/images.pricecharting.com/AMIfv972ciaQ2vDu__m13wyFt0K_8VUE83hANmqs6hYwR5hgoXoW_N5bZwpPwfulKtwuTC3rcPVbecWwdkm3xOR4JZpI8gajgKCotqKmOb_ZxAkymFmqpFWUcVwP9Yk7xMBElMSiSj6tZ8RvBIMlF8HMRkEpucRqww/60.jpg
3799,33.97,87.04,117.03,https://commondatastorage.googleapis.com/images.pricecharting.com/AMIfv965aGiN5IMYyrIH1V74OGHxfhP1pnfPXNiiJ3XEyiU4wHuMPN6pz3E-Fy9ni5xJfDWdkcnRPNXZ4voCXa_xybYOl6fyIWGm07d3tsRT38iqZ7sKD2oOzEANIOczC9zSrQOY79JdO5ZmqOKxDPjYhHnvmlR9FQ/60.jpg
3800,11.97,29.99,72.29,https://commondatastorage.googleapis.com/images.pricecharting.com/AMIfv94JyUSnelVsfW7RFF3_9D8X6nwlq4In5KW8KwG_FCOTBpg-bfMFnPkAT0E-SGO4ZZUSuHS9mV2HIwPpnFnxToswJBPfEdvgEL7gNAJEIzBq-CTUXjh_pnrk-GxBGGFIDkACH3p8oRWmZK7ARvYEI7EYUip6zQ/60.jpg
3801,5.82,29.99,99.99,https://commondatastorage.googleapis.com/images.pricecharting.com/AMIfv979Rk_Nv5wci7BdnwCoXn2T98e7d2uAvDDLyO2kKcurm3DS1qxxStuHrd58-EDljb-BJZGJ20VxDu82xOW7EtAupJ9-LNCRpUDB48_6Z1cAsi6Tg-Qp2mNK7X1ya2kxJikIsy_IcSwQR-epmVof3DhovS_tfA/60.jpg
3802,12.71,45.00,161.00,https://commondatastorage.googleapis.com/images.pricecharting.com/AMIfv97c-LhiUJPt8iOdGa5WM1bvkW7voChOJxcVPJYpVQ63LtR2K5TTxB5HQKm1024RuNMNwu6hnNKpTCm4MdZs0baXx5l03soJwMruRfskViLoZtKA_UW30NRbymp2tC0wJburoulW8y_sJd0GIzHuMncsvHXMcg/60.jpg
3804,10.00,32.00,173.62,https://commondatastorage.googleapis.com/images.pricecharting.com/AMIfv97_6wSV1qOj_L2fe0396cOPZeOpXEqpdqH0XAhHenTLwsItyTiH2ve9WyDRONpQWq-Eh-hMs4aKdSr2siRqPrOyzno76fdjM4LvvZeqNqVbrVWx03MeEHQhPYlxtxTOsORU6jY0nxKP-rJPp2vT7q1srhyLPQ/60.jpg
3805,22.03,88.39,274.00,https://commondatastorage.googleapis.com/images.pricecharting.com/81cc277796a6b0fb8b4ff64badae01a19e78d23bdd6d4b4582337754a2e4c0fe/60.jpg
3806,32.99,149.25,505.86,https://commondatastorage.googleapis.com/images.pricecharting.com/AMIfv97A-ZutLz_-jNwEE7qNgoZYQzWcy67ouR0NwCSfnIKCFXNIsKJaoODhYEikz34TXGIIOULn7SYutnRfRBP7hk5bJOpkKoZuax_tShlhEK-8pVaUAEX655B8EEle-tWMvNJWTo7IP6iYDxmXvvBqtdOiLJM6sg/60.jpg
3807,12.12,53.05,421.75,https://commondatastorage.googleapis.com/images.pricecharting.com/AMIfv95I1eQEonCp_9Za_6CQzP0I8dcV5y6RWq6o3aYw_FZI1yoCDb9C7IAmcQWluhmd-1PHkSu1VwIyl_lcYcJjYH0BJcOfcIUFNsS211uHUIhYDIQGrw1HMqjHk9SjzEIvOylmzHweA2HSDMrRZoLTkqlmCwgfhw/60.jpg
3808,6.34,22.50,67.00,https://commondatastorage.googleapis.com/images.pricecharting.com/AMIfv95L5567cS-mahf54yyhF_v5LhATrr21LOihHWdDCV5qdX_-4RhQPjfm8SO-8K9Td2XHM3ltROd7E4VxBrAbu8UBjJX6_cRaEXBzSgV-W0aLOYY5MCCHUEXtiEDzhPT4bIpTthN594XD4zV3-gDu_kPWZlP_iw/60.jpg
3845,3.50,29.99,217.50,https://commondatastorage.googleapis.com/images.pricecharting.com/AMIfv97rxziOvbC49U4G-GRfkdCAH3Qj7Bv97tWN4t17C4OHbkxxZXfFAJ25Vvcnd8E7kFHLuKuLusswm3Kl36dzmDS4ikLS2aQfInYzuDNin3U9zVgudbY8B2mJW6J4yXs2bjAMPfNPUCo--LpWMdK4lBwymCer5Q/60.jpg
3809,12.85,55.05,163.01,https://commondatastorage.googleapis.com/images.pricecharting.com/AMIfv943N5T2GLHkxBoKkcTDGkRL4L68QHsdCE4ixdrXnAFc-1msZtxvIjCknh4wBU8UL6rmoCC94OHa0_p9TqcfhqtnfPa1I77A2Jqh1OWOiVzVS07kgLgFJw4W4sX7w-HnbY7K8N1f4cwzw_XHYKxDjs09XbyzXw/60.jpg
3810,16.59,66.51,132.14,https://commondatastorage.googleapis.com/images.pricecharting.com/AMIfv95KnYIRtLTCvMsZid-jYUOl4AUa9VFAoNT5BiTQ-zZKl2tDyt32iB2NNc0bnnU8k9cyVhkfV1koxPZmi2Qwk4TcSE5N7RCIW6G37lDpVsGtdUgB_xXHyVbf6DMDVeErPFJDSdzW4hMEmqkUDOMRt5PJMjP07g/60.jpg
3811,16.92,59.00,220.70,https://commondatastorage.googleapis.com/images.pricecharting.com/AMIfv94QtxL-WWTmwEAgf2hEsTjP2pkCvgYZSd0GtQxhGMmh-jLfs9-d8zjJqUFlDbXWAdFBuXtJPA1m6hjgPIV7FaLe3kupCjbUBR5ke3pN2fPJN_FDqe79UiE7MrVeeFSuAkZBC8RPuDq_0naRPA1nY-CouCZ2CA/60.jpg
3812,4.86,20.50,97.60,https://commondatastorage.googleapis.com/images.pricecharting.com/AMIfv95468fNtwB451M0EPHGB22FtJOdJUrIPEaJHpj6z0Z3RqasDDM8gpFseQ3wP98hPwzMdENXO5Ldx9wB_ac1ff6myVrzpDUUqMAfR4oRJ4Ep6-z8R1_pCTA2_UHaJsow7IE35obR0Yowz2KO5YDJxVXsBO3N6g/60.jpg
3813,7.54,21.47,115.69,https://commondatastorage.googleapis.com/images.pricecharting.com/AMIfv97KI1Rtbk-WrQwGbtoqvhnbAJjENtZfFQlHIjnNyVxrdOpVl359VtuQGl7M0mlQOONDQjt8sG77szzCahJ8apM5IiVSNA5FWWmDfj1WV-JJDhzvqgG29s751ptPnahzzej7hvb5NuNI6eLNansDvVqwydTyPA/60.jpg
3814,7.49,24.04,74.79,https://commondatastorage.googleapis.com/images.pricecharting.com/AMIfv97_6nleGxXMvJAaIdb88Kq2KJW3xhQcssR2xWKHs5Ssy3d4yQw_5CfX6UdaPv206aeIBSlRPWyLv-_Owlzk3lKR4buqxUzEbUGhU9pzRFt3lqRIR6AxQ4fsk8QYdxBcmLD3d_tNXiDPfPBYdWJeTiYnU7FvVg/60.jpg
14134,5.52,14.10,62.49,https://commondatastorage.googleapis.com/images.pricecharting.com/AMIfv94efOzyBkA3aHY135LnBT9hyUZXzgCzdN2fOvnqQT3wiu2XsPgrCp2kg2zeo_XMX20-FYqtI7FVCUCEYmjCs_iealA6CYEZGQxSpQkDGQQItbjD8mCqmNJYbjNhO6nt2mWLDFOLZNXhF5pg0Z21UJSQeqqc0A/60.jpg
14212,4.84,15.25,84.03,https://commondatastorage.googleapis.com/images.pricecharting.com/AMIfv94HxYim7zRccxCtFFdPvbKiaiyxFs83TC_mOeZX7MKRBiwIoDkfHSRXgr4UH-Wdx1053WvxZwVmjwTrHr-llXYafzD7eL7MYT-DZwqKFT2iT7RcKPTJbGl646YlKSMI2tW7RWTTr2zHnyKBzjTEDgJVuk-POQ/60.jpg
3816,19.74,77.66,93.52,https://commondatastorage.googleapis.com/images.pricecharting.com/AMIfv94R_-kYq6oaRnXTkiurPdeZL3yjBnT8DttJlGretZpNXsuXzYJMLwkwtgqt58Z4AQbQsIo3U_Gvi4UiIRjzQ_VZ4gV2ShyE5Vs2OsRB2KQc_MRKD5jQ47T9VNie6KGc_fGg-IfAqQjFr48YKrabRktxGMDbvw/60.jpg
3803,9.99,29.94,361.00,https://commondatastorage.googleapis.com/images.pricecharting.com/021437b46ae8b41d38369816df168ab8add6b3329bb83879e6388168c80ac9b4/60.jpg
3817,22.91,75.50,"1,022.86",https://commondatastorage.googleapis.com/images.pricecharting.com/AMIfv94UcrisUNETQ-V2t4Xyu1uU-rbFrfciScyy7zlLtI8kC3Ae0ge52bA4YwAnd6JWN4uD3rfMsOfkWJnvjjhguDFG4Us6_apZaE7Wb_td5RoFhE4TzMXI-pl9QEIh8cst5wWmX-WJGbkzqm6isDO7jwBOkL3k5w/60.jpg
3818,36.26,89.50,954.38,https://commondatastorage.googleapis.com/images.pricecharting.com/9a227cbde394b6c73a8b201e14f905da0b5ccebffbc374cca14bb511ab683b45/60.jpg
3819,30.37,130.00,"1,062.49",https://commondatastorage.googleapis.com/images.pricecharting.com/9035ff877146f4bb2f86eec90a91cba43e56bd276d185c6f5c6063278a7536b2/60.jpg
3820,38.83,124.35,703.99,https://commondatastorage.googleapis.com/images.pricecharting.com/AMIfv95V0pJnNQQmD_Fgbsr2pYvfhLNiKdyfzRxK0bPttyv19gYG3S48PGQgT8K9aRdNCQwDgSthyHl7f0B1UUkEInYT5jLUpZqGKlZoT7qzT07ZhfdXDF0BW_kywpBVMso7hpbE3GMyOfr-MfoF2hF_u8XHbT9lNg/60.jpg
3821,56.00,173.81,870.68,https://commondatastorage.googleapis.com/images.pricecharting.com/AMIfv96CKajOIVAfSy2qDP0syx4Fdded9fGPw8hOknsGfKtxcrDuNwFs2B0Rtm5pOMwFhYTlVETMqVDX1sjeF18aEi432LIGHyyK73q1wjpxJnwd3n7DeMykDGoLmrdPaYlc1P1PLEWO1xqOGuylE3bZlUoUvV-7Xg/60.jpg
3822,19.97,60.76,769.87,https://commondatastorage.googleapis.com/images.pricecharting.com/AMIfv96bDGB_FGMKR4kQd91KVNV6eoprsN9sTIK_rx-yb2jmeHN1oMJ0X_CtvvUfxyeDQP2FLv6PWnm6oXQPsDaGT6uBbh5MSZ9Nv1irescubemJPppNq1hfhGUrUfNtCJRQkFwKOL5Qy__YWBZk8C3mg8Dr3vAolQ/60.jpg
3823,59.00,206.93,331.74,https://commondatastorage.googleapis.com/images.pricecharting.com/AMIfv94AD4wvWEm_S_C5liiq3-qbWgAocMiM7Q03PfF8XhFak8SWBUCwzqtjELVls_MoZG6RDLZ-oWytv1YiApR4SOxoJy7IhnKQGHahAr7Tf9Gi-NsHb-9f97kHnpL3s1fVS4tyez7yTp37tda8ZDjJFesoXENyzw/60.jpg
3825,9.40,42.49,97.49,https://commondatastorage.googleapis.com/images.pricecharting.com/AMIfv94uNJVcwoVW4hHQ047nmfrIM_dTMJQAwaxaee8rGFgvWat9jBJBYRDnXbS89jAlcbiNzt1yox56M7FllfbpDyhwmMV_JIL6DPfOS50k-9HH4PpsNnu59Boh3pWatWDvtIVNaXHyJvPNxU4XuV1KXHPTxuZdRQ/60.jpg
3826,11.86,38.21,137.89,https://commondatastorage.googleapis.com/images.pricecharting.com/AMIfv94bvELrt6K3Nn0uqtwdnTXmqcoct0C4yBzSvGJ4Nj9mOZ9TW70pGQNUF9g-RhT48rTz9sg1uftD7SRx9Oge-7MknTIoH9a4MVLskuPjS5BiGSzKlnAY0Rtp04oemGMy4cUhw-LVIp1j1zy1Er0sPG0DHjIqHA/60.jpg
3827,15.65,130.73,349.97,https://commondatastorage.googleapis.com/images.pricecharting.com/AMIfv96yA3S3nnMrndi16xd48OEWw06CZHVWTVx1iXHZ3q_JZbvKXBs1GYnnmLTtnn9VGxWfQ6qb2RaQNpzGwvbo7leq98Jx5V9rA8AzQHhc0_skgu_h6HKP9hgA6jbBHWoB-WHN6zFFE1lqNqBUmB3m3pFQZilAAg/60.jpg
3828,10.50,29.70,74.19,https://commondatastorage.googleapis.com/images.pricecharting.com/AMIfv958cTqD_vOFuYkaAYObh8POmPJN2tuRBD0zr1WXqStC2mtMDO6-JauaodIe-7xeOKwOkhBMJFciaY6p-24dDA5bmR3Qqj0YM-gl7ibqynswCPuWA1yuKLoXtZ5kTtTDvLWHRT5-Vkc_wORkw0_-6hOmv_puTg/60.jpg
14432,6.90,26.65,150.64,https://commondatastorage.googleapis.com/images.pricecharting.com/AMIfv94s_ICL1XIaYFskxZ2NANF4zbd3cLONLOS59UlFNH-P-x_oMcgIASHHcvL04g0Ic77ZsoIMqQme94doG813uBOGIKX5QaeUTzVhFr1LroCtio5egM5SWnY9FUbNxGejb-B0I1jzzWHdy_1Zd-t1hbK-smzCsg/60.jpg
3829,16.00,62.11,195.50,https://commondatastorage.googleapis.com/images.pricecharting.com/AMIfv97j95glzjS4Td99f6im0gXiT7jLjjirtM9os9FdBXlu4frpDummjPuivb8QlrdbRJ1GmuQGJjxWQpS52A_tnQvKwVRcQ_Wm8NacuI2rIr0ewDJMSXBBWmDWH5_sVGUupARLzO3n-lkZlQBNAG3BpirgIuk7qw/60.jpg
3830,35.98,180.10,329.96,https://commondatastorage.googleapis.com/images.pricecharting.com/AMIfv94H4VGSQiS48B7UO_ul2kKau72e2htt8y4MxmBSxXIr7E9gMpo6DUQjhKLsdIr0ojD-DQK59VDsBEj1rpAtaZVVQPaJYtqxZT2FtEc2N_MrkYa6-FSZfpd8L1DcRPj6xe5f1zXiDvYNnaqjWhtNef5XhSHk9A/60.jpg
3831,8.50,34.76,250.00,https://commondatastorage.googleapis.com/images.pricecharting.com/c2114c79ac581a989351eff44b3f77aa839e2795aa8f244d5f75e8243b2c9f6f/60.jpg
3832,33.67,200.00,232.50,https://commondatastorage.googleapis.com/images.pricecharting.com/AMIfv941GzZuyQp1jb_BHJyHVnABQ4gyZ9hpSfzewGZ0AvPw2dD6zdu_YY8WFLlo00bXUxxLhSYJygfouhP8TzL3WrqM5aKf3s-4_GOxoneEz0EsTqFjzg5lzIzrfZp1mXhzJ1tHOM98txsIOAx9i_ko4sLE7onQ4A/60.jpg
3833,14.84,46.00,149.99,https://commondatastorage.googleapis.com/images.pricecharting.com/AMIfv95Ddcl_nd7Mh3IBQGfo4EAtQYVYt-BFaTi3gkQGo7KgFPhIJUqk7CjR5I3TKoNltHT3w6MX_FkDaG2TOlSvu-xesCVePd9jvp6GDJg63rCO7MXOmFAwjzVQusmrOlj8ZEvnQR0NXZQ9yUjiDc6IyM2S121qjQ/60.jpg
3834,14.97,42.48,224.96,https://commondatastorage.googleapis.com/images.pricecharting.com/AMIfv96JE7Ml6lKgwopYHfa7H-RgckXpCigsI7f2IFIEpfgB2gIbIcL99EKmwEDC_l5Us9FLEvEbO0sZ1_laxUOSWXDnCnr_UKZUeYrByfDhh2zEy9kdLZVgiLuRhIMjrLxJbVpUSFndEImhq2_B5FnhekvCrRL7SA/60.jpg
3835,24.05,80.69,325.84,https://commondatastorage.googleapis.com/images.pricecharting.com/AMIfv95SCzauhL9IAAZ-WbVWb8Q_6NARIkcCbU8QIcPvb17_yM-4Hng1VaK7Jxi0OsIea8X32eiNNi2a2nPzug7ITTI8bMbbjQUEvRUUAXNpUTI35atFmCNeotMXuBrPIbVQz-RcguChy43X4E1YRY1XNzofmLFCIA/60.jpg
3836,19.36,82.76,337.78,https://commondatastorage.googleapis.com/images.pricecharting.com/b545a1e6b609cabf39fec7270f945d3f5575d0ab735e905daf3f330ba0f89d82/60.jpg
3837,23.88,67.26,245.31,https://commondatastorage.googleapis.com/images.pricecharting.com/AMIfv94IHVQVSHqi-y8rQR6Ju_56CBn1D_S7T7nCyBLxYhvq4CmA232uUXLLQ1Ktbf4BGDvQ_eMRHdUWJhLUBWuA7IKYnPEsyi3ASy62JV4AQZJoCZJFQ8T_2PD7CRh5ZTW0OJj_0T8G8OI8nv5P69dA65uC2axt6Q/60.jpg
3838,6.43,31.96,109.95,https://commondatastorage.googleapis.com/images.pricecharting.com/AMIfv96BXOTvdchlDHDyEy8Xou8GcF9NvUQchmt6M0xN-DESJRF-KX5v-8CSadPa4KfXs5dGYVuNuYPFaPELC1QG9AyUAdTk2Y5SXM9uhXSok3nNGrhHURuSfq_bdb7SaN332LyRAGwfppNH02V5FH-H4yGp2wHgEw/60.jpg
3839,16.55,55.69,152.50,https://commondatastorage.googleapis.com/images.pricecharting.com/AMIfv96AJw8X3gGfrDwJ3hCHhrD6mFc9vG5jcjYr7L6jHS8bDXi5XCzEh4MlvrtPHwP04xXSbM4kMyA7x524900jmdTu-WZIr4tIX8R-F-Vm6EHTEMxZor6HOEu_OWT2628-DsLJ-Edy5av9r72Mkn_odGE4eBRh8g/60.jpg
3840,81.92,325.00,750.00,https://commondatastorage.googleapis.com/images.pricecharting.com/AMIfv97Kw5FKl1AemRSr2qBvKUrBfmCBCJCPp6NR8CDicdt2d0Ij07_dweKW4DKkMLC5EBMT2nNCPrjkH6ac8VvTaYqojBd_7RhnR1NfUkfQPWssBhMKWSkf7wFWasNNNsqjHMNp2ef4oeknDajHOZv1Q1GHaMKcgw/60.jpg
3841,7.50,30.99,60.17,https://commondatastorage.googleapis.com/images.pricecharting.com/AMIfv97BwkPbHy_RFAA-pji9aC3edYTBVHEornXtOAG4M93iXs1OgIvY2n-Za1ecVboMGY7HkhD8hcJlKez5SlsZIcL-jPFyc5rZcTH0g1ENBspEnb2YEI4yziMsQVhjIV7FGAnRjngs4lIcpL6jUfznDi8Om9h0FA/60.jpg
3842,8.00,25.99,92.75,https://commondatastorage.googleapis.com/images.pricecharting.com/AMIfv94qTI4y69mMa_fDAbHteFTIAy8vE5yYi41L6QRtdCh1pqmbamJNlYXK_t7djBpcXzUvkuqhoVPiAvcc4oBi3orAstqtGb4HeaU48ijOghVcinrCnssLKMeTSwzpJgR-2M1JrNk1gaa5tTFsIpqtHquy6UR_Dg/60.jpg
3843,5.20,20.99,67.74,https://commondatastorage.googleapis.com/images.pricecharting.com/AMIfv94yUxyAKtxnpBhBeueJqweclcBHT04IIgToq4iNqO7KXpkWDSB-Jv3H-NQ45gYGAJa4AOYLGjeXdRZ498qGGZAPzDAb_RQSIOTosZ3XY7u2HD0K6A393r9IARO1sxMIHqciB0sjoN_lniYQTN3Bqdy0WSBCqA/60.jpg
3844,6.70,14.50,69.37,https://commondatastorage.googleapis.com/images.pricecharting.com/AMIfv95rjNxDEYgbEM5e36SuViTcz8wKnewXT8btdPBCOUV6zi57IhkPJf8EHXkuJG6yY6nPNIqh6pPb4wQOhRiTCG5g3RzJ7tXwigOeg3uvJoHX8iPwbAgsXT96ljCJv9MTK_7OFOd_DcfpiPg5_1shL53QGhnwFQ/60.jpg
3846,10.33,54.40,123.01,https://commondatastorage.googleapis.com/images.pricecharting.com/AMIfv94ee6qi3OfncwHDtjoynzgjEcsHAQKDilvDwVBsn2ZmNcLoU4PxZfe5c-ZCWh-xKz-bU5cwCfdT_PWEVhGyQZZYkCZesfPbar2DDcQkPSj5TZVWy4yTpLGrMGPHiDiDL6Xwcev4Zzk6mte_09P7yM5DDFgIxQ/60.jpg
3847,15.89,40.00,157.45,https://commondatastorage.googleapis.com/images.pricecharting.com/AMIfv97nlMoZv5voHW4aUbjNMHPM03s9Ka7toe6xbk1KREZ_Zv-rv-Z10G8RdFVuGMb8gEnmlXw7pEA4LTlsv4tAjW744aGoRa9iyme35GF-7syol45yK50phorb3B2Lse0vgt4rt9Lpwx6_YDGLbw62G98t38PZ-g/60.jpg
14434,6.13,21.25,80.17,https://commondatastorage.googleapis.com/images.pricecharting.com/AMIfv97Yl6hjzJgdGHsT3Jh6GcyLEfjU03laf5F05Aj4INqniU3Hdhs9JBcS7bp_waQDsxz3Dfzl7-PDGicX5AWa6HDByoEpJEFR9-GSh6REmENxYiyXNHerVfUNi5aqfd5ObcmlnyZomfJYaCrNBznINEZ-LJYV8g/60.jpg
14435,12.88,40.03,140.63,https://commondatastorage.googleapis.com/images.pricecharting.com/AMIfv95orruq9BlJQi2OrtuiZsA1S51OFQ4_zdOUwJQs0gU1Ku33YM9XFzGr4RGoEbEants3TJJLqv7E_KXl9WpmFp8bgRA1FyMgZJctcIsMso7ELYvca5AQKH-V1RZTP9ksNh-3SIq30IpAJ2Lqw1U-Gap9SorUgw/60.jpg
14433,26.48,241.49,459.99,https://commondatastorage.googleapis.com/images.pricecharting.com/AMIfv95VuYYB8HXYRDfkleTN8lCC68hqfM3M3JfTH7okMX-rccKxWI0E6JRvTbRTpkE_hRbd4QR7LYr8_586yyk9WwV-sbRxSKjr9UzKdImCV8fDVjnheZ8h5wKUVyXvlzEX9aETF49u9WHwYSQAqOCGpr5jvdjg3g/60.jpg
3848,18.24,74.95,232.00,https://commondatastorage.googleapis.com/images.pricecharting.com/AMIfv962PT2OlABPXQslMnK95NqtrD8I78RcsIu1Tprj4nbC1cww4CaxzptYzI3bA22RTtNxN5ZB57jr-_YfS4ruTALTIye75oxSY6W4IWe9N7E-NZRfAwQ6-1XEGo17vuKiT4I_3lTT3p2zeIUl7mhyz9egS3wR5g/60.jpg
3849,11.59,27.74,98.22,https://commondatastorage.googleapis.com/images.pricecharting.com/AMIfv95fDjVPdW-E-JBNsWq2yMoPFcjSrKoAVu6uWbSbG1Q8yLErBBWW2ikFA5Vi1jHOopqKRob7J4qRyrMMoTtDqxaT3uSS0lC43dhT7_-VQTx175nRrKoB9SjTc5cN25SC7tBFK8dCTN94JeAwNjd1pWQU_e2xEQ/60.jpg
3850,5.99,16.45,62.10,https://commondatastorage.googleapis.com/images.pricecharting.com/AMIfv94FGAczTIkAz4Qqf3IReDXmAobD4vaY13x4MkotcbKIfAIU3aEjskIFqpJk07_uZYTgOSlQdFVlArkNNPYpvLpmFD3z-W2PsRWEQf6H_aKtAELLyFAXYasGAxT2Vn8Xb5VxDVX1V3RKVVkqCK2b3TuFPVIMhw/60.jpg
3851,4.00,16.11,74.95,https://commondatastorage.googleapis.com/images.pricecharting.com/AMIfv94TTIZLjHS6HZONho8KRjuWV6HK5Ia0ID7-IT29d8lOVv-bMVI7p5cwnEwNqyTmU3oaiC8Pk1GcbasybhPwYAodAjhmjg57ZFMXOPg1BM-FaJjRW4LUpHAU9PsBXJZxd3SXNACwEbh1pcGE0Rd9bQrMIGm2lA/60.jpg
3852,14.70,34.67,157.99,https://commondatastorage.googleapis.com/images.pricecharting.com/AMIfv96LMfsTim2W-FEQStRyVw-11KKlwXmQSLW1Uw4W5BT_jt8vZ6kOPJGVXCr8QSR8SMPKIAJ_jdt68bVSum8wm9ghP4LhfUVNlMk3jLIZbz911duWL9WYGK-TMqdxtbXkdI7_tiQQKPukqVAoLuICveUBySMM8A/60.jpg
3854,17.06,40.97,486.50,https://commondatastorage.googleapis.com/images.pricecharting.com/AMIfv95ZRwtIaJtI2oukgMYv6HvM-m6svnh8jFMy3zLb0y7xjuttppclb3N6RYW81VbRUYgUH_y15AAgEKYtjex-I6KuP3ViEFowXW_Aiw8EZyBgir2Qw23CgaLu8QXJvlmTj28ceGMu7yK9uXJjPF2lZstFBIdQSg/60.jpg
3708,19.96,49.37,153.00,https://commondatastorage.googleapis.com/images.pricecharting.com/AMIfv97QIacOMycPkvue7TGDu4mVraVhVNVMSNeVNIe9TYlHy53OwafyCbDs4Xc6PVVoll_hmbz4w1bcEudURsAcSCMjLjDaKbakCoU24r9HPo4DVGLzeDxnt-JxRJPKBkTJOLeqNnEyvbP-JAlOD5_YWyA7BewJ7A/60.jpg
3709,20.00,40.32,191.50,https://commondatastorage.googleapis.com/images.pricecharting.com/AMIfv952vdw_9NhzCOTPM0wiVMGgir8-uSTs1pv-ovVxF63mPqlwTRPLUqk8w8WCeGJ1pY67PxkSxIc818loAn5OMFI4NxmKwqRhJQLudCyHPOoCY38t9lOmlbSO0hWth7pARitDiHTevVUsbyo-NI9VXY34-vxVMA/60.jpg
3855,97.98,217.50,255.85,https://commondatastorage.googleapis.com/images.pricecharting.com/AMIfv95oJN8k3ta98IGaf-0fmPDMzzMNiszoOImLOkGd93osYILUM6dqoWB8uy4w_ubjSYpjyQJQOMQfPVUykVKwYZpbbC_ZBfJkEsuuJur70wuoKaAGaJsmBiI6VD1JqVfr51OpaJPs4QC8UeFDPkx_mYuaxqPAGg/60.jpg
10451,5.25,20.33,60.69,https://commondatastorage.googleapis.com/images.pricecharting.com/AMIfv94NYbt7KLtsby3k6xVV1lGYorIVqxDIafvNoZEZY3NRtKphJYWuUXpBTsrsig9559-k1CHqghwhSpswjVd7JyJX8lIDBY3_pbR7Qk4vqYp-T0dZsevOv3DP2wPvnjfrsSDuXm6YxUrFyC88yEQAY9LFHqZQcg/60.jpg
3877,8.07,32.57,67.36,https://commondatastorage.googleapis.com/images.pricecharting.com/AMIfv95SA5hCqSrfuEXWKIq4ckM9bCheIKrqi4TC4ctaA4Z2zCbw_UUw3CSyJ05mN9PiRONFRB9RN6bvobZho8k86P0Fp1Q0nB8toxGAvpRRTwNsoBRJnhE7fM36n-hTKoOaEzKd5BWaWdc5LfnEFGNfwPgrOr-jng/60.jpg
14096,4.24,15.25,39.98,https://commondatastorage.googleapis.com/images.pricecharting.com/AMIfv961GTvqyNpX-7D11W7Szpj0WWRH3JJyYVdVgHTYByn-3TYqC8ULvN2QWVc9c-UiPVUBOG-w2WZgsz2MbtUooqtgVRsbx-DYj-N0_Z1Xn1_cpKqcNsfkdotcYMmZd05RXpfdyiNfkr_0sBkt-YnkFnQBVOZB5g/60.jpg
14133,3.00,16.90,55.61,https://commondatastorage.googleapis.com/images.pricecharting.com/AMIfv97lYzIpEmB9BM4uoWmyuxP8-J8Pqe6l3YbSBNjuYyVksSHQBrFxuqj_VrCSJQECM6LX_0dDigeZgzA_tCO4Morou03NjxBkCzCy0bxqIGmxvXCssc0soR4B5z2tBfkvrrUUSI8QgOINBePh-vYvBCxHfMzgVg/60.jpg
3856,9.76,19.26,86.00,https://commondatastorage.googleapis.com/images.pricecharting.com/AMIfv96pDZv8PbwhK9wQLgwks5spUkzwr8ZV1d6D00rJyBhujzsRS9F-s8Ffg5wcCc7AkEJKivZ_bQuVm9rN_XwCF0UvyogkABipzA9Qg1pzPoWfG-QL4nliH3XkhUG_q2vzLb1vwLliRlwaP37gqgrN1RChlI5Dpg/60.jpg
14436,15.12,30.58,81.36,https://commondatastorage.googleapis.com/images.pricecharting.com/AMIfv957E0GtEcPySynmp7Qy5xJ0UIjvKjMbO1m1mg5y6w5rXsXveu1yTvlIzFB6pzvjWaKQUNhhJfW1GlsK9PK-DAWED5nxjmWetQKJ7Qg_se6zhOhKpxRKCK7e4Z1dEEGVwZywGh9XeK951tcg-cvbvRFRM0Atnw/60.jpg
14437,3.84,16.32,59.99,https://commondatastorage.googleapis.com/images.pricecharting.com/AMIfv97VZpMlsnMhOkP7P_aKM49VNpJTOVQlNtCcAlluf6tR1iKxFFx4L5CavcbcX-8TkjHukgUzlArkrBFYZ4VJlvbdWap1D9ZPDNb4OJUm63MMDRRYu6E2I5PkFeOlskhiqcEgyVCCGjq40esjHAmjU5rBMOl6Gw/60.jpg
14438,7.44,99.95,119.40,https://commondatastorage.googleapis.com/images.pricecharting.com/AMIfv95HncXLs5Ah0bl-bvKWhdEOKrZibEGdEyKmDNYeQiLMBjxHvzJYb0zDGhOnI6qT-lHZFf-NGH7u1GWf0QEsWu9pLvdVtFDZ73vUXBLIclET18h8kCLMxa35mT4L45WI3rFMDGpYx40-s9gU9AsL4pObo6X5dw/60.jpg
3857,19.90,58.73,130.98,https://commondatastorage.googleapis.com/images.pricecharting.com/AMIfv96C3I6qD2ub-4L2QJfhj8cZ4FYefcim0RG8OH7L3p8ggPg7JwjrnZbjvGBF7BSE84eXyebuEcFHl7oOfrFTRP6ZsTDT56A7oA0_-9EMduCmBq8x1wzMTgxf2D_LAjw1gSkXIw5EaSH0Rxx0zx5sSY95x8BARw/60.jpg
3859,16.45,65.95,204.00,https://commondatastorage.googleapis.com/images.pricecharting.com/AMIfv95BvTubANzrgpm14v-I5VGnXPNZCj2aXACEpuo_gHW2ZYXAp7ergsjPXYToB3FyUjUxaS_mFTyyrQ_qzhrctBb1u9YpI-Bc_f7a6TLPD-KAaPAzbPkNCtM1xG7LcCrPMMAb4F27Aa0j7-4G61e8ieHDqdPL4Q/60.jpg
3860,10.00,56.48,108.01,https://commondatastorage.googleapis.com/images.pricecharting.com/AMIfv97_91YvH8GsZH7I-nCUrOLxhJJMMJoRMPaOwudK7Ho8fZQ_DCkrq8hes7fRAUTNznGsuqRXW3gY6-UvzFohiDe7au-An6ZakgESwXrgf_RPQ_-6-TBLpIoXVJb9O-O-GZ5Q7_Vp1FFd7vSXh0HHXPdehajZ2Q/60.jpg
3861,89.41,261.30,658.71,https://commondatastorage.googleapis.com/images.pricecharting.com/AMIfv97r4WC4vxEimaeXxIPNT2OBv8YVvL9DOzANiB7dK8Rfsz7bTYZsDOqg2JQxASZfLL-7PMT3EgTCV1D5WuYQKdCaNguZ5wb4tYzPyauodxGEJIKlUuKo9xTjOf9_Ew1jI8mFm9gqsJu9xtpQm7Pf3Y7EgKR4VA/60.jpg
14426,11.60,44.00,115.96,https://commondatastorage.googleapis.com/images.pricecharting.com/AMIfv95MOy1IDVx9j4EC1-G2ACRYb6rrFOSOahVnFrln0S6ViV9H7jizrsND1zzyTwOhNI0hepRBG7G7_3ZHcGFslWMnnYB_d7nI1YPqxuWDNlXwep6V0aKBuiK9HC8k4h0pweq88VJr0zZS1ZVINEnBli_03lRb3g/60.jpg
3862,73.70,272.50,741.23,https://commondatastorage.googleapis.com/images.pricecharting.com/AMIfv94fujjG1TOrkNrSiwJ4akbMS3Zb9NGomLgICrEFbE7xo32DlhMIZn2fkMOtSceS-iYlJLwCS3Zs6bsaUvXdaS43d8sRcxw9_YTo7wOhwkrUgU33eBAl6vcJSPZ-2pk9paU2VwEEGBAZ6MN6U7COFirf5wIqNg/60.jpg
3863,14.57,44.95,73.38,https://commondatastorage.googleapis.com/images.pricecharting.com/AMIfv94kJC9IC9CWZyUp8Gcv-dynmnULYGSBpcIT9egn_93dlbO9cmza3RzA1-ffLv449GO-23iCPMGdMn6SyR6HmIuZs8-IL-ao9HTAjiKF8l62GsiEX2y_ClfTAsSsgvZnO6fLvAPjXnYQfUfymX_UVg5yAYAXJw/60.jpg
3864,19.99,97.98,180.00,https://commondatastorage.googleapis.com/images.pricecharting.com/AMIfv971YTtdOcJCmgVKw7PWLAgvu_FnxXncz9QX86ZjuVYxcqCLeO_4yAKzihQ1WvW5Y0InG3al8N--oUgFTgitb4wHVjAvqf534L-BLwyMuxoZI_0_tKNLOZ-dyBq-qL9eT2W1rq8UBxyWWsUk53HE78BsYnmRWQ/60.jpg
3865,15.00,38.78,100.04,https://commondatastorage.googleapis.com/images.pricecharting.com/AMIfv963BE2klY_G_t7azED4HyRD7I-bkXy3V66NrI60kRGjVbvh_eQpYZS99iIKPunQSz3aZ_dwsjuICVlKZRDXLKmGXWMjSVk3UJ--H8VRpChYvTaCvsx0W4wSTtan03X4LpqjrY_HuBZWX3yoLzUJIG8MN5Thmg/60.jpg
13163,122.75,200.47,227.67,https://commondatastorage.googleapis.com/images.pricecharting.com/AMIfv972GdzjhdyI7zIt4J6OFBtrk0BwDpb6erx-_9FKeDm7h-EtgBVtfiQ1nWaVZu6DrglRMfgMsff2BeOS3YIzQBw1tReHHL2eaNm96m4MsdAIVU9GzZjLkzTKMZ0juB8ZNgIQUE4JaGdJfuw_NC4A2gPqGdNpCw/60.jpg
3867,14.99,54.00,301.85,https://commondatastorage.googleapis.com/images.pricecharting.com/8a87a2705d7f87a65ae7d9f5f54cfdead66d83b90853034b6a644ff2f240b41a/60.jpg
3868,23.99,113.60,211.26,https://commondatastorage.googleapis.com/images.pricecharting.com/AMIfv94-znd4f6xi7ZXpdU2feNFCaIa1v-2mMF2PMs_cex3uejRnDQRG5Wb8k6eqWRVAbuouALimE59RqtXk47IJecSSFou4FLxmMquFKUEvniNghlghpitKJl97AG6178d43Lz9VJRo5oTxECpD9_6S3oVVA_vedQ/60.jpg
3869,15.72,89.65,419.06,https://commondatastorage.googleapis.com/images.pricecharting.com/AMIfv96kXFbfUXCno-tbRB2bLLlHpe2OnCjDrr005CNTMdH4IE6M00T-Gaik_tPtsaGQpxIpT7FwmYyn8OpXo4WL46RY8Nq03-mEnQnH8km2rZi-c0ETiswE1g00aWXgJcqk0NNNxwttBCyg90ljvTc0Q1y3GPZq5w/60.jpg
3870,23.61,159.76,923.50,https://commondatastorage.googleapis.com/images.pricecharting.com/fedd342a98d1334019844f4dce855d97ab01b1dd72e6040a884ce99c9c32b8b5/60.jpg
3871,56.53,235.00,"1,825.00",https://commondatastorage.googleapis.com/images.pricecharting.com/AMIfv94WkavzlDbzp1gNWgXqQZ34wO7IleYCv0pT-ejguduH3pOcU8N8zzmT4UqzmxDvcW034Pc2RnS7GZQiakwh3Or79G2oH-4L6tAfFHnocfRMkPly_okfTaPNxrW128HLD-uaRM7XRdFIZ4tMIXPFC03NfklYWw/60.jpg
3872,33.42,190.50,581.49,https://commondatastorage.googleapis.com/images.pricecharting.com/AMIfv96POuSz06Kz4f5r7qcuEa_QO4yMqrGUdnl94ZnFMEKh6Yf9mVxcXqAHQlUE9Nz_2K5hFWhGoxYhedq6EHQuhNb9Lk98Dpa-FY04I6wfoun3Zc8G8NOTXDBaMD1n-dtxaE8HodPgSyskh70lglZkKBUaVC5qRQ/60.jpg
3873,9.91,84.84,263.00,https://commondatastorage.googleapis.com/images.pricecharting.com/AMIfv97-oHB4ajAyzb6ULxbu4rmjFeR1qlWGECw5aU0ZSouPSln0q2aDHT8UGrvbBcMzEvRHLYFRvaYLanpyUb_fb6b8ZeU4HLyenk2GK9hBMMeqZJQa5BQ0wfvoaahYOMbVVa92Nbtn-SpXg450oLt3fZQuFptZpg/60.jpg
3874,17.74,60.00,148.10,https://commondatastorage.googleapis.com/images.pricecharting.com/AMIfv95OkeW5Ye3UzHgAisE-TzCByDOoZxDJ67W07Qson5cul2WS8ayAtKMWr3I-jc03jBGouGJP9yuBZ-uoVzP8l8w6y2BMEzlTOwSH26povGTCunEXj65sLuKgT2MZzYq88KqTiTcA6UEk8wISZzZioZR0oBlZlA/60.jpg
3876,16.99,46.49,169.80,https://commondatastorage.googleapis.com/images.pricecharting.com/AMIfv94sfg1m1homcr_W7oOH-fDsmftlC_WTvQEoHd4tOUW5PZBP3YLZvnmRvLDuJ2JyuB9sJIgub4xLsagEGDyeAHku_SSk-BnYhihwcDEwEYugKJhGQH4C3ECbLUwRk-SlNknkssH1_KY63HEnVLZaWa42cgqr4Q/60.jpg
3875,17.95,48.28,150.32,https://commondatastorage.googleapis.com/images.pricecharting.com/AMIfv95GaBOjsArqkaZxAQo1lULPmr7GeW6J_unAy_1J6jHz-KKTQ5xCnIXqAMvI2_agxMDAzwFj2xmlQCJ0GXO3sVoxLgrsCTJahpMRcM-SjBZOAJ8dtn8SiPDOk5JHPT3vq2tRFk6M9vRhiCdrH7fZCU5a8d0Hig/60.jpg
3878,22.99,83.43,350.94,https://commondatastorage.googleapis.com/images.pricecharting.com/AMIfv96Pcd1NtI36c_X7Pd3AUay9Eo2TZX32RxULPXSXCHIbz0i-8JPmOQmHy0llA7tlVu_RskyqrmC6pQWcg1MVKW8F-v9A4-FR7re-0QNF5R9_Fh4SNqf2TdOsYiqJVuf3iCili_hFD085NVs01nv7oiK99kQjpw/60.jpg
3879,8.38,33.00,84.99,https://commondatastorage.googleapis.com/images.pricecharting.com/99b2d03967eafba7b7106c9b13b33b5a6e1bc34f4f5e73669b3af75c2ac17a00/60.jpg
3880,14.11,97.07,225.00,https://commondatastorage.googleapis.com/images.pricecharting.com/AMIfv94hWVhw0WSwfL8rVEQD66JIPiTP8qIWi6RiC7DmbzZEXzqeuhM8afEH-15e1KAfhz4Hvkd8aAzHy8ERQ60lBFrRn4-iwb65wKATv023qW4AG9nnylJCrqfe8PTnwex9VDrN_yPvposYGwUMXuoL2qvMFSkmXw/60.jpg
3881,23.73,102.18,355.00,https://commondatastorage.googleapis.com/images.pricecharting.com/AMIfv94SM57QN222-Gjw_7C-RPszdlg7ZeFT6juWqh2VDkTBo4d6WJ8tjs3RjtHpq_n-5SSyz70vApyEE4lCqK8suX-Kkqa_aUssd80NcToeIvPSBT096OFIA6LAhKVpPJ_SNBpl8OzAEDJJePay86bno0u1gCwfTA/60.jpg
3882,22.49,64.61,200.00,https://commondatastorage.googleapis.com/images.pricecharting.com/AMIfv95Hu-R0FaTQR1cazG2XnUreKP4Okyb9aibq5UBrSbUXv-31RvohIi29vImHMk2fpXQ67CmG22sXxRG5UOsBLz7R8RyFVfqFXxy8ti4psusQBNW6IiAtQXGOAMpmroQnqDz_AiwxiniRFxtobuKQ2v26xTHUhA/60.jpg
3883,71.51,661.75,922.91,https://commondatastorage.googleapis.com/images.pricecharting.com/AMIfv95wlOa3alCs4AGWucspdG8PLRb_zIvt1CiBCR-ugT0Drv7Q6pckk_P476LmJ-DJvtKbEdN-eplgCATUbKO5plhvQl6Gc7DssMSzqI6yhPKxXrkmjIGxaTDW1NufUzdttzebKfRog6lTH3t7jjIhASJs5FeoTQ/60.jpg
3884,17.47,56.51,200.25,https://commondatastorage.googleapis.com/images.pricecharting.com/AMIfv95Nms5GtpmBxYlwd7jFhcDRD7VhxWKOXoZW9CkRp_1gSG4YNpUmg5PZa8fJ7KQa8RRPsZR1McN9YzZSq8I20-iVRWzqVRVh-SIN4IXhytEPXtCmyqd7uX3JshTCFw3KUY1Qmt8dmDVqE6VRXN0rIqJljyBR8Q/60.jpg
3885,30.56,99.62,149.00,https://commondatastorage.googleapis.com/images.pricecharting.com/AMIfv97QnaVMtEedBAQ3hK1_WdHAZNpdOOh6kCq93JhTZI_S2b_Jysgd54QEIqVHzT6M-jSg6fgvIU_dWVNntW5o9-VTcQL70ukNvhlkSY9DnzodYK21YRZ5oE555wuAhlxdU7M-2WM--iy31aKYXdcSVsBa3O5XDg/60.jpg
14425,14.66,43.50,124.99,https://commondatastorage.googleapis.com/images.pricecharting.com/AMIfv97Yjr9TCVmgbSifGuRkL38g18Ahmcb4OJgJ8jAPWd87IYAF9ABt079tmM989QItEB36HwdupZml21DstAUbRBNychzUec-_HyVyi_Vo567CJ0SiM010zHQjfLXfgE87XVocx7ECqbbxmfcvZ-7yrCjGgFuHyQ/60.jpg
3886,10.63,30.50,107.50,https://commondatastorage.googleapis.com/images.pricecharting.com/AMIfv979sizJE9hRc61oGHmrih_3rGRUH9TtbrDFh4KkZ5IgNLl-FHBfsbKjTgmQa8PXVS_4pPGym9J9p3vAUc1jLub8hbXFBe5r3G8NoYweN0glfJiwFTOYYLjAvdtm2CkGmhbZeTDDK9I6zul20AzmmitXlTga1g/60.jpg
3887,16.48,46.50,80.00,https://commondatastorage.googleapis.com/images.pricecharting.com/AMIfv96AOjH4cIUJ5F47Nf5sXMKZ5HI1-scQgEIsN-xm94S1GPi69sCR2h4TNpd0wG7zRy6yXGRrSPaA5CtWPnlCXjst7YTJAQYoHJlL1i7iL1ZZd6CVLvOvt300xpLP6q1VxD4SWOPC-nAYA2ea8d91Vcs8lrg73w/60.jpg
3889,40.50,152.40,384.56,https://commondatastorage.googleapis.com/images.pricecharting.com/AMIfv94mkGKgCld30W5ZSqOBgRQxcDUQ8wpZLmTJ9n3zq6Ig3pAXvskxFK1nJ186nz5YuXDLksDHqov2a4olkGRji8QwtV_2teAvMwTBKL6W_3A9Hu2yemqduEVTkGbzPRhF1lSqrEMaeopoFb1vdjS-tq9nJHbqtg/60.jpg
3890,12.00,42.52,100.99,https://commondatastorage.googleapis.com/images.pricecharting.com/AMIfv956lLzzsWyVO2wuF5JFCb_5f3GnLigmw12_l7maezO9q2PtJJms4ECLUUg21zeFB4GLyVDKR8U9GDQ0HJ5-7gatJDznQemIG6s1tLH7Re1WWl4ftQ5m0427Tequh3JJE1WTbPji4x5R7suATqsOz-4gTcC23g/60.jpg
3891,27.49,96.15,424.99,https://commondatastorage.googleapis.com/images.pricecharting.com/AMIfv96dndyFlbmq2WuBHCLI1G029FSEv4tbVQv1H5kVyCocNdGME8x7-LP-LuBCSVP0eLgDFNO0nmMeCrggP4NzdYxvfp-8gmwuRCbvFmTGTpTpbXBpJnCnMjZfMBQZkhJuW2wXU7i-wh_EViVX6BhCCA0i3Txt9Q/60.jpg
3892,12.29,46.05,151.25,https://commondatastorage.googleapis.com/images.pricecharting.com/AMIfv941X7zWSi6GdgrmC23JQg0sMZ-AK2JkSIMrqnwu2dyCx1FAV1RdJc_nTnaZrTrZ4U5vy_YUJ8yRt7gO8Ln8uFE60KCChmTbvfL-RPq4oHldIx6W-_M-Z9fWFfB3wl9FCljHbd9uT5UPKBO_Uio4w7oAUXDFdg/60.jpg
3893,19.41,57.97,152.50,https://commondatastorage.googleapis.com/images.pricecharting.com/AMIfv96jSAw8EQ0CcEzlw__JwZOXbJ5vL_RAI6Po_ZyanafILrOwQsv3v27-bVls89fqnAbqwbjl0KgzVddJlHmO4NnIguDm-ZCca71hPGmbUF3vCYSyXcSB7sIO527KSGhuynGHxxv5y9cEZ1OINMG17-M9eDCA4w/60.jpg
3894,63.40,198.52,546.00,https://commondatastorage.googleapis.com/images.pricecharting.com/AMIfv949RttqoJ1eh7bcB0Jhr_PVeD6umqf0w4tgpAJldLDqfF3KNdRscMH4Mexu-domCZPohDe7l0_BPPY00yBPLiB2hTNijBr-zOGi5j_PSWDiZv1MTe-fMnElS6MxSoqledMiXNoWcn9gQp89NWrf-VbOf49_nA/60.jpg
3895,10.95,58.68,109.11,https://commondatastorage.googleapis.com/images.pricecharting.com/AMIfv97wugA1lxjN4JEwQP_ISnMNeHHwTnP72sSocJFs3172WIF4vcDRsOj2mgE4LjyfpVnoseJifxMg7eQJctkQxjQwKwJMSyvGJUZsZ7qCju9BDAWGB-0DTGEz_lOn_9zWlgM8mT3_7W7qvgSXyUp-pLJLPl8Xlw/60.jpg
3896,9.95,58.09,111.30,https://commondatastorage.googleapis.com/images.pricecharting.com/AMIfv96mB_WU6vNJEMR7eitxjznP-JZm7b4Pywpf2HFiLUKr_0-XVmrcfDn7F3GESP0ajGI0t936G_toydhrRNRi1mAhr05H6ULS1ah2QfIN2OMONFsddoFJTHIDKRt9wqyx-72nn9Za4X6Xa0hBCN2TMXAbFAjSig/60.jpg
3898,14.00,46.00,102.50,https://commondatastorage.googleapis.com/images.pricecharting.com/AMIfv97STknvu6ExR4OfjtVYV6wG4h-4rGlLOklTlEBZ_l4SjCZvEVDOxru-o_AgCEQ6J5o2TFDNrSQoH-YKPIfZZ2A5ELMU_zNO6g6VfiyYE0vaIohFqhV2MVRkShuQy34ezltjYu1iKx9k2w-_ORFWG8k9hLJ0fA/60.jpg
3899,34.83,121.87,378.00,https://commondatastorage.googleapis.com/images.pricecharting.com/AMIfv95AFajhPxR7R_vkRgd6f42ndVmpg4L1MN41OYHA3maeutPUMIAEM3Y11x0uUAH75CU-SBICQobgqLYdefzcbqUae6srwox8a1Jho3ZnXUK4JHDiwwoPxwPlpydlRDmXBL7zsxLhCbxeHXxukzsuFzzUyaPSVw/60.jpg
3900,12.25,44.58,127.34,https://commondatastorage.googleapis.com/images.pricecharting.com/AMIfv957RiMD1Y3anAQqysVjC2MycwWkj8dT_ArMGp_AofYuDaXIGRhOubENQBieVeiTtmuheggOgsLyFSq4mXaoFb4tvJl2iY1A8BOfIA29YOiGUapb8AXGURNlMezEKIFpqZvd7traPQu1krKe_i2cWV8A83Vd9Q/60.jpg
12587,21.24,77.74,241.00,https://commondatastorage.googleapis.com/images.pricecharting.com/AMIfv95FsYHDIRu5sja6iaEfw6RJhognLo9PCtgmH08bMkAgcFOE3lu0hApI-ub7cbE2z66e4k7PdmI0DG2rO-4HupAfFX_9xMNaRXBkcNbMAZYwxICXTrqBDVHCq0Tp2WGiOjRDybv9ZApwcl7_pAIcgV4SUlQacQ/60.jpg
3901,19.18,81.79,261.25,https://commondatastorage.googleapis.com/images.pricecharting.com/AMIfv97q2pTp7l3fgNQcgXN4dbJl-lO2dwfJvUeAldCGcoWqReZv8SwzKKdV_chfWLid9y5ILU_bl99hzwgWnumqaynpljoQ_FfpjdNpjfGOebgJX30y0D_ROD8_gXa5VhINTKORbZKnrbSDJiUR8mXv6IjRgBhdyQ/60.jpg
3902,15.45,52.89,78.22,https://commondatastorage.googleapis.com/images.pricecharting.com/AMIfv97uXab5vJ7lrIwObY8xxkzxr0X5a_R2Os2WQ0yg8A8KhLXASKWaIVgTVnCG74RWHq8BiVaUFhdFLuBGR081tkW6SYbDQpCV2NBaUYXnQVqk_G58wsVuZcaZ_Vw3_wb9sNlIGPJpBnmqIukA50tY50YlUlvOOA/60.jpg
3903,32.95,117.84,249.05,https://commondatastorage.googleapis.com/images.pricecharting.com/AMIfv95xi-ZEE3DKcYY63Q8V2prIH9wLrPxMfKtsn58djH5EUfCHCDiDHdpdGjpemNePZozv-hXUS0Wpf08b0JsF6bIAXb7VYjiM5oNRji5-QYuQWbfwReV3buIATfiwG_Xqbj5vDIrGSd2RDOpKe3_uWX2qF0dcQQ/60.jpg
3904,42.09,191.81,"1,292.90",https://commondatastorage.googleapis.com/images.pricecharting.com/AMIfv95JiY2eqHECe-259suzIPQKTZTi8BqY02Y6r4pDDeIE9H1HWYK4zUQXYBEHWGdzbjCZKBAddOXNVwZ580UU0yP0d9PlM8t02vpYxqB8tBgUteXJb8ECAMp3KENLn9qy1oo4MJyr_ReaY_sR-805_5VtBul7rQ/60.jpg
3905,62.82,379.50,"1,176.00",https://commondatastorage.googleapis.com/images.pricecharting.com/AMIfv95VYSp9ebYMuM0DFV1K3yWEWKyUwoafj-glNisLo3oImT5ZdsuOWnptEwmwqX35RBEgj1zAl6AgAPx3JpIrCKmZPbF6skue8wzQz6up8EupdSHpr8mzvBkbpmzCXPJoaMC2owRuFxA7-2KGFTaYbkNl7bByNQ/60.jpg
3906,21.24,88.00,324.82,https://commondatastorage.googleapis.com/images.pricecharting.com/AMIfv97x9mS2cmFYlHnmgXPfywrnoUZFOZBBIMQgRSNtVmGyAR9FDoqzWTtp1o7JXaqKOyT-sNv9cxWUKCIQHZ6DXoSD12yQ0RmcZ6peZexAOvUVKIfW4TuCDOaQQGAg8zJWZGCGV7-fOnW59EDRtTAse0ZWKEFZnA/60.jpg
3907,23.17,69.99,99.75,https://commondatastorage.googleapis.com/images.pricecharting.com/AMIfv95ZdfiKTcj5VSZb_ILap4P9lIxzlvv9nQt4JUTiK_KFEpFd004MlJX7hZNSqSfoMya_YzLffqxn9cGiWr2s23BgKnC902P8CgsAp8K-TluoQjMpOap5G0-HsrOQlGX6zv7zjydyp9D1aKsrzGSzYfnSl9Ia5g/60.jpg
3908,28.93,80.00,272.50,https://commondatastorage.googleapis.com/images.pricecharting.com/AMIfv941tQw8_muV1zpBjBk3BBLktxmghRhfXXCXEbtOPIGUp5FunNWUqM-jUVFyuN9d4HtrKXQcs33As7GgeYPY-BpFISCwTPbz-Cu4ove4e431dmTavJl279o18K9JlvoaQ7jeMxfFNMBYlE33FEpEnEKiyGH5HA/60.jpg
3909,17.50,44.99,150.65,https://commondatastorage.googleapis.com/images.pricecharting.com/AMIfv95v85hsUt7quUftJRhLlw9y_WHD_e_TGEgGz3FHxNsEsH_tAyt3cpwJw4a85_Rwlwd6lJVMj0U502HKnvYy68-s9PMUULm5lEe-tKyMIOODDT2cZarRUi4zVYSsF82il_vvAluu1ovIL9jshu_HIMYPbjztJQ/60.jpg
3910,35.00,151.25,282.94,https://commondatastorage.googleapis.com/images.pricecharting.com/AMIfv97cTBwMKBvw52JLfT_H1-zbMOua-QuQTc5mNtgyh7iMuZnr0Y6vTUSE5CaEq7jSZDjcW22hPqt7lw7qGB4C0NkbuP5D3og7kHHMe4WmpuhBm23msqv6jbLJrxYeN9FXML-4QKOKvme2ZPXKHgqerxBhzsuvuQ/60.jpg
3911,25.00,99.99,325.00,https://commondatastorage.googleapis.com/images.pricecharting.com/AMIfv94iiGRQCiZ-KAKFLZGkNMsKrTldGapv3DM6ywQoIVSsE8B-E3B0ZcXmvAXIzzzyZxdMeMlkH80ZXZA8C3_ImmYLtpg71cteReaPAAiZMZmLLNOEClDWtqCgzoSSD52cXXcRcySEcDGcOIMWRPvtu09Gpd4sUg/60.jpg
3918,20.40,96.06,299.99,https://commondatastorage.googleapis.com/images.pricecharting.com/4315ced7f06f1dc25e841220d9abe1197863210f8d17932cbc403dcaa9cf87c2/60.jpg
3912,51.24,274.98,328.40,https://commondatastorage.googleapis.com/images.pricecharting.com/AMIfv954nbhHkFditJwv7apo7FmbfgYiyD2K2b16zRrpoR0Pipg_XYYx6EG-fuDfBwnn_r1s7Hx7U9WxmV2iBnmlEX8ikmTG2iTyAGZmWedmCV2sQEElAITqcyUVgAXYRfQFYbtd6ALwftg04ilMxmCHPKlFJ_FRXQ/60.jpg
3913,18.87,75.00,178.50,https://commondatastorage.googleapis.com/images.pricecharting.com/AMIfv9556klCUCPXEIixU8aaPZj_q1PCn916KTfYkJ7CLVErVJUaKSoKKF4aDLhoLHrVspqMY4HNTb0vfakXcV5awhDblq2hvnuByfKnCMv2yN1AZwCXmi5TkNkG0_-HrnVL724cB_a8pNzrfmODjGVVLubLmN6mbA/60.jpg
3914,7.59,25.67,75.05,https://commondatastorage.googleapis.com/images.pricecharting.com/AMIfv96vLpbTXKf3x1isbD3RWX_FmmX6-S07_hCo-Z0-Pah_LkunHEyOXfsWuJnNhMkTDSesKuGolUu7lSz9tcpmzyeYX29iG6rKxEOuPaKegHTQ2eZJiHoH_mJUcIQiHEsQx5QEKZ3sJpIjtU3u4Eu1inZiEG-qqg/60.jpg
3915,13.35,35.50,254.06,https://commondatastorage.googleapis.com/images.pricecharting.com/a28c4648ad308f5cb28c615955dd31e4e71e08552f1884fb25440b004dc72eb9/60.jpg
3916,10.93,48.74,100.00,https://commondatastorage.googleapis.com/images.pricecharting.com/dd1fc343dc231d5a7435e16034f73b82ddc5c00d2b0abb19303d9502702f888c/60.jpg
3917,68.07,264.17,397.36,https://commondatastorage.googleapis.com/images.pricecharting.com/AMIfv97R7-GpOdmYG1SPWfh71rr25h2pe7lQO3cPlenPFDGokRcBHFj3QFVNk7mEAkou5JO2Hga7XuyzYTYaPu5YpumA-KIVWfC50x1VCrKBskTdqmzLDo-3Ub9Y5NnlsdAuoQxA9QYqYX3HEBRr9sotp61RR9z8fA/60.jpg
3920,100.71,290.00,700.02,https://commondatastorage.googleapis.com/images.pricecharting.com/AMIfv95vmG6rL9XtvC0smgfEeMrTclMc9I2_R0q8QFCqYonrGEM11YnFXwDGZ3tXrZHk0Fk2n5oa71oDlz_tDqL0ps_b-qELHgKyVZEAzBnxtWmmEgDpOY4efthG3tHbqx1hFgtpxJsr3qKGPAudx-tLpu_L34CKGQ/60.jpg
3921,299.99,"2,305.02","7,146.00",https://commondatastorage.googleapis.com/images.pricecharting.com/AMIfv94U8CmfOac4RlrnAVOi38bdTd4fNqeF8ADXl1RtGDdCpxKrr0RnsNM5OBmtemIubjb5oSAE-Mrnw2b8XzSyigdnZNo22Y9Y-WvDxhYzeU8vIwYcBj42BSMvO6xk3ZEZCRZyqELYzlohXKPKySX3yQ9kmw-aEA/60.jpg
3922,532.78,"1,960.32","6,077.00",https://commondatastorage.googleapis.com/images.pricecharting.com/AMIfv961QrdG-w2IulEZEeh76W8Qsmm5dMWY0fVk9bM8TZwpwVD_W5cCR5N1WVVFbXfmChezfcIEAl1LJNl5TBzbmk3fcN7FW4XO9xnJXZyFDMlFyWrHYofYjO3Pkb8E5PQyqwI1iEFFpIeCjdIaMNsihsKxIRPQYA/60.jpg
3924,31.99,112.75,"2,582.06",https://commondatastorage.googleapis.com/images.pricecharting.com/826da7f8cb99f39933a00384109364117e7257836d994baec94389d8d536e33a/60.jpg
3925,38.37,136.10,"1,812.72",https://commondatastorage.googleapis.com/images.pricecharting.com/593ef72db9e23c40465b53fc0ee71f841ca1ff2e4efdec2f086bc79d4e0c0558/60.jpg
3923,8.62,48.03,95.41,https://commondatastorage.googleapis.com/images.pricecharting.com/AMIfv96K0gwL4Ls7AhdjW0B7a2WI5YGMs6Zc-X4yIGxxAa1z6AlhS0sjopc-U8EVKWRBIO_njcvJaX0qBmV3NWwuucj8UmRv3nLzDq37syxYsJ3JkmIZVeP_IqD_zHzfPBG_YNeRIWI38wFmhzLWBM5g7jqDQCUAHw/60.jpg
3926,13.02,84.59,157.50,https://commondatastorage.googleapis.com/images.pricecharting.com/AMIfv96yrDbGhEm8fTO6IOhBiY8NKruxlmVdvO2uf5vxIwFAPlq43HSp31LdSD33T04Qpb0GIPhgCjngz4owVKQmL9NZ7doZ4ZYU3Tkcqo1ImvT0bstYGRsTbH-vG1d_qhk1eWyeatxab1wO0q82s0CyucgnSpseuw/60.jpg
3927,17.17,61.00,135.68,https://commondatastorage.googleapis.com/images.pricecharting.com/AMIfv97kIP7FAC8lsUSVI5lsoGM6foXoYB-2nroQbjR0YiqcGT1PYTUOBuhagDycW6W-uwB9rleHK7xPi0f38OajGf7RO9TCfMmwVX6Wz_CZayZylcxG1qowhDMaQExx8h9B2TJ6pVkCe4Z8JAVG6s5dxBYECd0ZTQ/60.jpg
3928,9.64,29.47,113.67,https://commondatastorage.googleapis.com/images.pricecharting.com/AMIfv943drEtSl4UfMhnjkOZ_4ADPuht5gtEEGqja58PYt60H-kgkVgWMFI62sD2SR6NFQJsSLWG_gLrIFyr_23Ser6-KXg3cAhMcwWHV9BEWXU4hGcmt7qMPSsYenU_dwpYMSR2W-a7zWfrX8nwD47cB4eLvrQnuw/60.jpg
3853,21.99,43.88,151.75,https://commondatastorage.googleapis.com/images.pricecharting.com/AMIfv96AhU6PT3ZEYHheGPR8LHHpTMFvLb5ANlElAuIO-rDnH7A0FKC9Ck1POZyIdJqMFVkkLi1jx4u-git8I3yx0QRfGoJHKtaz8ndVb-kxYTJY_boNfWUy0Ve0wJrialOdI9cE59NaPHd3hIatvvBLCFYCPyOcGA/60.jpg
3930,15.15,70.64,99.99,https://commondatastorage.googleapis.com/images.pricecharting.com/AMIfv96XtR5_p2eMmwJ_AtvoysdknciGO-4smB0GUkWwhy13ff7yBF2zoGGP9vF0hY4SDlKNby3JsiSKRrNJDyQj2y9W_y0ZPjL4vCf2UAsGeqNQnkd0zKfEe3r5eXuOTVrgkZ0rKa25GwRGlXmJKGRFHEX8q302cg/60.jpg
3931,30.00,135.23,455.16,https://commondatastorage.googleapis.com/images.pricecharting.com/AMIfv96EjLAmuWcObMByn2h7G37oQ7Ptghp0TPhTE9GsDlGp7pEzgS0d2tdPiCCVWWBPFUh2-ZnAtgkm5xWA67SoEh6dFwHSJkfRJYwsownnJKc7rsR-N4-FIO3NoDzLKPdM8dyLVpg_yPBqtr1-RQJTUNbzGVsW4g/60.jpg
3932,20.00,107.16,190.40,https://commondatastorage.googleapis.com/images.pricecharting.com/AMIfv96nffBcqusDaJhDQnJSnP-02V2-oPYrML1vP-mUTMKSXq1HuOVVe9PuFHQMr9wgowS9TDP7nL3BxbWyjC5X4naStia75ViGfxLZC1WY4VeK_ykvLriDQ-GUVXEQ9hLxpxOaNeN9NzIZhS8E1kxTwBBaY6gKEw/60.jpg
3933,12.43,37.25,373.39,https://commondatastorage.googleapis.com/images.pricecharting.com/AMIfv95s_1Q0hTz2rapvxZR0LlwzhYQF5BqdUwTuOL61RcMsk-DemZabksD5cy-xpT_eIkTyt4EDD3LAT7U9HMxsevHI9qFXxeNTO_ouNwsOV-wePegCE5zNNcN8fgBhFMkf_nCvpVpDr4kAqbnwB79oijK5euNGKQ/60.jpg
3934,15.11,48.35,336.74,https://commondatastorage.googleapis.com/images.pricecharting.com/AMIfv96GryssEXEpsUruu2gMa1BCzBwpo9KFqkxRJMcbiXlGWlm9e-lYpXvEJ9rS-iiMEqnl0e6q7vAvf4W2ugmpwk7i5wz5Ez8nxp34oH7eD5rg1P22g4fVoLT65dB5HsXNpVsemjWO6STfnzqJelMIunGTPHVOUA/60.jpg
3935,49.99,147.82,218.75,https://commondatastorage.googleapis.com/images.pricecharting.com/AMIfv95lXqVhqAJqqJTo8_zkd_MDfmhXFyKfGCN9CuJd33-FXqifUhZfgNee5AXVdSbWO3TZCDzCiQ8ENMSWQK-drL9zXQZ04Jsw9xvRj9pSzOVRqtAqdPt1Ec7VewYuL6-KqAWgbk9DWa6Nq1ZpOTcUCWfCQl1xFg/60.jpg
3936,19.99,176.01,462.66,https://commondatastorage.googleapis.com/images.pricecharting.com/AMIfv96LwwS5jkzIlAmcj3370qoh9KfypM9t-gBWU-xCP2zKYkVfIfvaLLY3KiEF_OF8kPyXFjGo-G9kIIMZCnAwIsPMGMPmLRKMGfL36ASdoJRyXEtJf8gq3ienH7oBzYrmSW1Vx93vjdH2l4cx-kcCeEPfsxMq-Q/60.jpg
3937,11.74,48.61,144.92,https://commondatastorage.googleapis.com/images.pricecharting.com/2bcc126ff41f703756c8f319129d02ce0cd68075c8309bb09267ff0abfdbfc7b/60.jpg
3938,7.88,43.13,157.28,https://commondatastorage.googleapis.com/images.pricecharting.com/AMIfv97XXnpR7T4Na-7dE66L6jMUynmnxpKFzwuDMy0tr_Aoh5cuVUOoXKWTMorIn0AankJfuKHSbsbDetiKgfmPfLkdgqZV0wQzRk44_3bwdUwDGe7cpoLwF-nIXj6x1Kb1oIgyBzQhVneo2NVKJHq5LAH6-Jd0CQ/60.jpg
3939,17.02,86.00,267.00,https://commondatastorage.googleapis.com/images.pricecharting.com/AMIfv96hAdvuZBLTiic6bE5gOWK0KZOb6g4TWUJU3kPfxdtzDEQrsoohRb_LdWp02joYrnTFVlHSxEL2kdPIVEafb6Me6IHr6sq65r3W7D07A9FFLOTkjbbNBFCmWPOWpedrCuhSVal7AcSBpjKJlvrrUZe8L0D3bw/60.jpg
3940,14.25,70.00,206.57,https://commondatastorage.googleapis.com/images.pricecharting.com/AMIfv97W6rbyfYdCh-p-8IO6SWsvXPLcwNvWmSHHNiNU4d_XP15rRjN-lgLsKvYD2S9nR4rdBWMpzBKbfaMHBoIfmmq8sMjbj4_dWkjJXo6ATVAatoZ2MumH2buhKVARjJW03stDlzVLCYCbAMp9d6QlrkUTwEaHLw/60.jpg
3941,40.00,159.60,495.00,https://commondatastorage.googleapis.com/images.pricecharting.com/AMIfv95uRNRND1hOpJ2wT0VQ6iyE12K0vX2omyBPZFsxPAYlarpj0vp1ggHiI4DeeUxRCG46hXJLE7OEz912Gu2KuHDKf_tIxEkQRE9mUFgMgKb9bYboVr_SotoH6RgJhl9U-FRbxcui7FgkCz2JZWY2LPF6b5anXg/60.jpg
3704,150.00,635.06,"1,969.00",https://commondatastorage.googleapis.com/images.pricecharting.com/AMIfv95julm_18V8RDNKcX0q6fcwGovAyV_Mq0GbfW3kwVThrV9tfhZ1rqmbo6vQtp5i1vdReQx1HYt2e-t21k4PaZcd_ScKZD2wra2FypWXVj0ohWUxZcptAhgyG3_TnIQ8RX5a7T-3IiVYNFsqgtNa99X_GUD1XA/60.jpg
3942,6.66,21.68,77.38,https://commondatastorage.googleapis.com/images.pricecharting.com/AMIfv961qtstfFUGBGFDUMjEuL1P4XEX4GZFQg8iFQuYn2AQ5nii6qWB5hfptV9JS_1gvJiBmY_S9ZRzJv7Odg3R25AaRhLmeiQVSA6lZLZMpOsYPvD6b5gJs0eGJMeQNnIcMNPTX4BhjNsJ1gi2RcPc7VvSEEEgRw/60.jpg
3943,12.26,37.00,95.31,https://commondatastorage.googleapis.com/images.pricecharting.com/AMIfv96RRhEOQrjFHbk6UJL2tT9wMroLB3AUkqu4pQtAONmrOB7GQ-d3f8f-SjcMLOaygpAls5dh_zfl01LNgU4LbOwmWmYbDSDctnJN497KqsT42Dm3bM3lepsUPm5xOrMyFs4aJkNHHEQkHaN-dfkrwRjpXTzX4Q/60.jpg
3944,37.94,84.45,331.92,https://commondatastorage.googleapis.com/images.pricecharting.com/AMIfv95p_7Oz9226k49xf5KjcZGKK_NBwNz-g9G8IbY0sm-KNllEpXvWIau_olZHvnet3pEKVdyCTj_iTzUCtvnnsdVQlJXZrh0rvve5kcXQ3U_HGlRdeUwiR2vja0i1-w4b5IIT-sm5Q-A-NIp4bdip0n-1HkfWNg/60.jpg
3945,10.99,59.94,499.26,https://commondatastorage.googleapis.com/images.pricecharting.com/AMIfv97-sdShDVDYox9HUmBAa9nDMllcDbMkG1akoI6ug0cHk7nZhAClFGjdgUloPi_q6hEwew4_XHB6zyFThdSYTzTTRHmgmQBpwI8AR0Mc8BxmSXLKd5BaqCGkxbEU8Te8PxEB-s55oPLDNuiypyvKRyXQUF9drw/60.jpg
3946,13.49,53.07,79.97,https://commondatastorage.googleapis.com/images.pricecharting.com/AMIfv946oaOuQ-fiLLTXaJAXsEbtehIGrUgUOHQIgRygo8Fw87fWhn0zzBEU8ffqoCrb3keApuAhV-Zg1ixHyi6UGREf35b_YbiabN0j7jxJAvaOjNbqGOSslTYRK_kCyhARdiEps4zgqmYJhRpJ5KuhQH0t97Ttdw/60.jpg
3947,4.00,31.97,99.00,https://commondatastorage.googleapis.com/images.pricecharting.com/AMIfv94g_D8XSdI6C-wSAPH19uvYEduHuEnjCyuy16gwpREWy_-q8gHLVD-jypkZviJSwX7GZjKOETtuQs2WX7P8RN0aERrmpai_d-Tv5LPNtfp7oTnc471St6UbWGcdIMFAy_hxdSM13d_IqwFkIpRjYZ4ttK-kig/60.jpg
3952,21.61,118.34,225.00,https://commondatastorage.googleapis.com/images.pricecharting.com/AMIfv94wUfJO2aW4chfRoke0LE3kiObFSHLqyc761Iv0Mik9g4st3G3f8rYMcYaf78VWlzw1MfOLHwASk0ZKjX7MsycAEMUQISP3_6im8HIi6SvjhJQkbAL4qqQ7LeMVgawfdtUxfOPZWwrGgNvAH8-uREnNDjT8Jg/60.jpg
3948,21.95,58.92,249.48,https://commondatastorage.googleapis.com/images.pricecharting.com/AMIfv97zlCKKvDQNTw_hHQQc-bpRFok6Bh8WuF9wYMmnux7du7ZDzLfY1piPFVgWvKh_DQI_EjwA1dDXHcSBYqu9WhvFicoFk_KkJIn98EFHfTPofpk9k2jct58MI1yqr55N6nhfudCvqlA8BgKt23zRAoH4Jgkzmw/60.jpg
3949,24.55,94.95,300.00,https://commondatastorage.googleapis.com/images.pricecharting.com/AMIfv95bECi3bvjPbYi8zPqe3TJR07BaavCOIjnlW41lMsKqtqMZEUYESCOjEwtkN9AW-tCRKgM6qTrcN-6mTXpkq8JpVV9okUvIxCD1sxi0ZyeyAEMDJzvwWeG2ZMZ0q-pQOePUV_ZUgxOaHcHnLm7XwyKRA8Sp2w/60.jpg
3950,17.66,59.95,295.00,https://commondatastorage.googleapis.com/images.pricecharting.com/AMIfv95IoulU_Ceo3uettCHv4YfaN-YVtmnVl4MLomSnmEbD29Js4sYZYUvUAEncsfx8k7g6dSKOlqTQ2Ey5mnAr2J9RqP7hwBO7ojTqOuPvf68pdRB0fXR9jMr0UrPuCruLiPNvFocuYjOPUckiBbcoaoBNr_uk5w/60.jpg
3951,8.47,36.91,114.00,https://commondatastorage.googleapis.com/images.pricecharting.com/AMIfv94rUOSjfyqVs_f55Q3EASCsX1MNovAXZWgz8ih1UK7WSizWQkkKsjCVIHP4q5Qtei_sAOKM4P_qyASGxw24iKqD1Dlxi3Xp_DwaG7d38WxV2UBQbgz6fVzDzc8WOFNmUpz8kK6D3PjqloU2D9bhhZqSsk8vZQ/60.jpg
3953,6.00,17.74,55.00,https://commondatastorage.googleapis.com/images.pricecharting.com/AMIfv95wSyxKNVnPGzMGLpm-tlVeOZEPxLQP5-ghCnzVKx8G501TeszQoJ1ABNbFW6r3gogRkjYkBbyIRvghagC2w9sH0O-eGLfv80irajG1mhWgqEq5cm2vadgVowvafN_5Qa3-yeTVlqus4d64wrostUmxZVTJgQ/60.jpg
14135,10.51,37.11,109.72,https://commondatastorage.googleapis.com/images.pricecharting.com/AMIfv95QQbCyIQ012-YeH94dwd2X9yGik3w_G3VxGJUOhUfxokEHDJpSxOyZjznroeg8O1CTg_jsAYky60PMX64VA2_oge0Wqh1leClURt7nRCDuofI9crEht4aHMH1BynBjI-fcdTPfMusML2zxO5UXeZUpc3tdXA/60.jpg
3954,11.75,39.17,"2,074.69",https://commondatastorage.googleapis.com/images.pricecharting.com/AMIfv95bDwbsX2pyDRu1dQl0zA7uOElwcxL928bbRPh68xtS1a3QBOtR2FRcMX-hJL69KHTt-HvEJlbFcMOae-3s7ORSGJrF8-bosb8lq2I9Oh9K0SI6ppaZq3MGVFA3q8QuJzaoRX8s7SmJc1C8fl0p9W6Ew7GkGQ/60.jpg
3785,7.41,23.47,73.00,https://commondatastorage.googleapis.com/images.pricecharting.com/AMIfv95V9qvudU4Apzxs_ONH_hF4bRo5p-r7MktiYH3QnvjMsFHOytyF5aOC4uxjxn27INQw-s4Fzhr0kL1JwhY1rY-YR38z-NnkBKNVwrRojHgYaXXBXrUmdTANRUC8iSV6zJ-yRTqfjhd6KPe5-61qJeofg9YuVA/60.jpg
3786,8.54,32.93,99.00,https://commondatastorage.googleapis.com/images.pricecharting.com/AMIfv94fXlXzPBCpmHYRhmCmys4gxraYJHs89b4zsw_gNrEjVc1_hxKWlnFyQcPL4ivbGhv7Ujcdc_lZK128x1dDYeNv-hkXK2Zw7T645MIilf5NZuV_5q5T1HXHF9ohTZsvrjYyo7rUvbxhmS8BNrd97RJeXw5wrg/60.jpg
3955,11.06,27.72,67.49,https://commondatastorage.googleapis.com/images.pricecharting.com/AMIfv95jeqH6qUj-Ey6QqZ_xgyaKo3rJ280i2LBJJlKHf24SMsSR0ThE5V8UpRA6JRY0PfSJpxubQFtjTFFWyLeNszfFwrvWV4LUVwRD3ZqFYA36eO7XI6d5Gtc7jZA7I4zjVxAtL8Mph5FopMkcnlXhUpb8C72DxA/60.jpg
3956,7.00,21.60,74.48,https://commondatastorage.googleapis.com/images.pricecharting.com/AMIfv95F37BeNWyT5LZRY6-OxtS6KAwGlL0ZoVjT4MCs6wS6r_7zoZd3qT4d4WaPzKjVwwRtKwf1kUn6cMkq4BUH6XFHyCrOxgXiF_mgwwQ_OCqTYJ3JOQDGlvXhbQFloFFWVdAaqvGNppDu5PyymUO026e7_TrhXQ/60.jpg
3957,10.76,43.74,149.99,https://commondatastorage.googleapis.com/images.pricecharting.com/AMIfv97V6tUqkgTFlMwNW9rrM8NeApPfotwY1yVmCEh1-EkAIg4w0FGc9axvBLa7Z7Bk0QACQIJNRsF4uV1SXgDuMzr-btSPc8WtqeQAISQxa39-s5wLX3bQ1ZZolE4VMWIgIhCQKnjynGYRk0qWNqb6v21oKrae7w/60.jpg
3958,8.64,31.00,265.00,https://commondatastorage.googleapis.com/images.pricecharting.com/AMIfv976QCy6eMn_3drqmnGB4aLPcgY-pM0qiCxbE2uQHfOUt7uwa5kFrGHLjWyrc4e_5oY2mvH7RVdmY9AksV8yEtBTPD88m4JmGpr7iL97IwvDBXuS2mlqWfMtGaopD4D38BWEGKd-GeDwdwzGeIRQjCVljG9I_A/60.jpg
3959,6.39,29.99,120.00,https://commondatastorage.googleapis.com/images.pricecharting.com/AMIfv94N1EnXaYirNLkd1sxRdbrc64EqKH7lH8vkDwRCP3b5xvTV5mjpvXmWz8bgG_aqg3zen_MPVhOc5JvWwF8GTe-vY10di-wzoNCPSWZy8udE5cQ4TkCNRmaFTLFfjMxejA4BDhLtuJKMNWyh9hZayI9MajMBdA/60.jpg
3960,15.51,43.74,81.00,https://commondatastorage.googleapis.com/images.pricecharting.com/AMIfv979lkeRk4tIypR3P874vloRBHWYu7THKz0NJ8j7jHuJ6wSVZ715reOx5NPysrnu7IbX5C3ptEe9-byGPJkjc30jzexv9DT3tnPBfuW0GJe6NVliWhqvYE7WNPL-fHcxCDFxnHX87IgYr0qjRsWHQT1ts0P-sw/60.jpg
3961,6.03,22.05,64.00,https://commondatastorage.googleapis.com/images.pricecharting.com/AMIfv97E6eqdSMhZ68kTinyPp7Vno4muubi5nr10KKBx5vfpcIwDio7ZSZ_0LzJcYkJEE6u3-9ui1azNzkliHaMKSqAWjt4NgX1wuccJ39RjJvqdhw_5UBKtLFwUSkEn4y46bdkj2C4-HxGNEfF6sZ6zEfvSgI-Ttw/60.jpg
3962,18.66,69.00,175.00,https://commondatastorage.googleapis.com/images.pricecharting.com/AMIfv94Ba0ngSVvVQCZasjMJ3vZI56f8iEgtvH8vCP0g9XwsWt8CraB6SZv1FytCiO_nSp4tQY2_zdhWGeKWjOEmWwu5nnkXlQTJqipA9k_bvgQYS3trMuEfN9IOXmnCphH3JVIsWPqVmqzJT2Qyh8FLDrHsCkdnmA/60.jpg
3963,7.50,41.00,70.50,https://commondatastorage.googleapis.com/images.pricecharting.com/AMIfv95sNshY1L-zLgjoW2zOOcsZR19T8rUs4ih5PXOCxhQsnd8xcZewPNyQz4Xw48brPweNiYBrwcYQ4WeAifpsKufK_VSzuX4nVRL-NBy1DaYv6cxIQ0jsSTT2_5EYhhnsWoLj7FFsWRdtz_dVPMWtpOEnpSo6AQ/60.jpg
3964,18.16,46.00,172.64,https://commondatastorage.googleapis.com/images.pricecharting.com/AMIfv96mJwoGT-DXatAXZBVjG2SCHURDdMrZz1IpkBDkFZ91q4qPwUug8mGpyqNZDqZeZlb1wrJU_Ek2kko6fcbjdja1rcKlGOEye2jswIZ-qNwJK2ydoF9HSjG4ocF7XmSs4l1b0lrfI_qY0ASf0DYRcsCJNsYW3Q/60.jpg
3965,9.52,59.47,152.00,https://commondatastorage.googleapis.com/images.pricecharting.com/AMIfv95okVGLltVI37K5wRhCjM9QoEbC7WTJURZu-sNDfB27WeSzvklftRMwby_uSSS5xMdYyl833n2zvGokdb4FREW9Es9d3XWKfykPkOfx28KYooqwYE9vhbS4rfFTN1ghV7P_uAXEwntqn9sKK0JKH7It7PP_TA/60.jpg
3967,203.50,654.85,"2,030.00",https://commondatastorage.googleapis.com/images.pricecharting.com/AMIfv94vHXVeaXQEEYGixZ7ZJc5w7vpK63qC5zzHXvnYz_G4ZTD3591hx5U_T9Aa3j5fWth2XXJ1cOkAjipDkjO9L1Rp-LuTS2Bgx-m7hbiyKAu4x9zkJfVoo-hz4QV9PbTUKnopRXChnP3fStBZYXtKANutX7yW0g/60.jpg
3969,6.45,18.99,45.99,https://commondatastorage.googleapis.com/images.pricecharting.com/AMIfv95etOTEL5JpIKLbYLXctjxr2VcMh1E6W77A8uv5j40UZ69sY8lAlC6qQ7AT-WNXDIeqGOgfez5T8CxUUDXo_a4oLVK1RSKRUj-G6yroeKh6VCOO8tF_1FLVn87ClO6R0jELfZ7Wa_CPH1jxqYgriIQ6Ol25sw/60.jpg
3970,29.21,60.54,318.51,https://commondatastorage.googleapis.com/images.pricecharting.com/AMIfv94gcspHd-T3C_aDhXCyjAuoLrumpYJVPhFu9cYobsPY3JjDIcqM4ECDNNDf77w6_1O3BICTp0nVqJRvZQt0qsyj-B_Jx7E8OJiuhaTHfaVwhBkZstTWxhL9127upomBnjZQEODOHTw9b3037Yr3zfJlet7woQ/60.jpg
3971,6.13,29.85,129.99,https://commondatastorage.googleapis.com/images.pricecharting.com/AMIfv95lD3Ej95hZOg0CwSQt9z05u6rf_H03h8-piU7YNR3k-yfKpP1af61sfU3Zx0D5zJQSe-HayM55a2gA4QuanzLudw9X92HXHvuecA5AJJcnanGy1BtRH6d9Xyb8-TGqalnepKo-RCJ4XaRJI3XM20etP0mFEg/60.jpg
3968,14.72,49.95,214.57,https://commondatastorage.googleapis.com/images.pricecharting.com/AMIfv94LUMM6glf9BrWv1LbUmZ4YNKAmsg6CdNoHDRUNx2pd5XB_Q-kHn2mBhT6MyEKUoIWWg3dpk-uNNoUUvthyve16wvthgF8pwQV3Ymt_PheRh1ZyyuhAug6UhMTPyZ7FSX9CyvVCj0W2BGZOikkXdDk9m8FBrg/60.jpg
3972,14.74,36.95,82.81,https://commondatastorage.googleapis.com/images.pricecharting.com/AMIfv97LiZp0f3pH77exqY2iPXqYq4cP6bZ5DXGhQ0ifRyOSIxsSZdsHvDtP4AYWy7RFgguHvDghy-AkdYSbH0P4R4kiGVQW_8x0upROjJqqt8b_-xdsgF-YACXLNl9ZFfuDdwT4ouwMtq7Z98q8gWBZhliAHMxgpg/60.jpg
3973,7.45,29.03,91.01,https://commondatastorage.googleapis.com/images.pricecharting.com/AMIfv94Bh2RwpLxZ3DrkX6omFWqEX93GC_vSdJWMKCGlfT0AMLwQmBjMyBcJnbnTdHcD2SZrMynJ4oszJ4ndZNWx-WHymijIEWUN9yw3muBPrPI7GIwRsmTZm5YTgYnElEnhOwmkh-GfatiPmqE0hRSHkAdc89hDnw/60.jpg
3975,19.99,99.97,615.00,https://commondatastorage.googleapis.com/images.pricecharting.com/5ee4a3476c3500b20881a34935b457a7468c2ee96b63a723e8e0890a30812fa3/60.jpg
3976,53.50,184.75,774.44,https://commondatastorage.googleapis.com/images.pricecharting.com/782cd5c1c887646e2d298fdc9d58d39962b4a588357400bb5bc4964a717d0105/60.jpg
3977,31.01,99.95,899.99,https://commondatastorage.googleapis.com/images.pricecharting.com/8eb4c62856e93ab58ed42168cc67aa485a2066adb3db429edbdd9c125518332e/60.jpg
