Title,UPC,PC_ID
101 In 1: Party Megamix,730865700066,19871
A Boy And His Blob,096427016120,19745
AMF Bowling Pinbusters!,093155126503,10874
Active Life: Extreme Challenge,722674800211,19482
Active Life: Magical Carnival,722674800334,32210
Active Life: Outdoor Challenge,722674800129,14651
Alien Syndrome,010086650044,6783
Animal Kingdom: Wildlife Expedition,719593120087,19640
Arc Rise Fantasia,893384000472,21626
Astro Boy: The Video Game,879278340107,19792
Barbie & Her Sisters: Puppy Rescue,815403010828,36213
Barbie As The Island Princess,047875754058,10346
Barbie Horse adventures riding camp,047875756953,15779
Baroque,730865700042,16424
Battalion Wars 2,045496900250,10347
Big Brain Academy: Wii Degree,041496900115,6785
Big Brain Academy: Wii Degree,045496900175,
Bigfoot: Collision Course,802068101596,16414
"BlastWorks: Build, Trade, Destroy",096427014959,11356
Bleach: Shattered Blade,010086650068,8621
Calling,083717400936,21051
Calvin Tucker’s Redneck Jamboree,802068101756,16081
Candace Kane’s Candy Factory,828068212339,16165
Castlevania: Judgment,083717400776,16019
Centipede: Infestation,742725281936,31886
Champion Jockey: G1 Jockey And Gallop Racer,040198002196,31880
Chaotic Shadow Warriors,047875760615,21620
City Builder,814290010201,21367
Cocoto Magic Circus,815315000719,14487
Conduit 2: Limited Edition,010086650471,31344
Counter Force,815315000467,8766
Crayola: Colorful Journey,650008500455,22155
Crazy Mini Golf 2,890219002205,21634
Cruise Ship Vacation Games,047875759213,19559
Cursed Mountain,895678002148,19511
Cyberbike: Cycling Sports,093992093815,36666
Dead Space: Extraction,014633192087,19668
Deadrising : Chop Till You Drop,013388350100,16313
Death Jr: Root of Evil,788687300124,13815
Deca Sports Nintendo Wii,083717400615,14262
Destroy All Humans: Big Willy Unleashed,785138301365,11881
Dewy’s Adventure,083717400554,7305
Dokapon Kingdom,730865700059,15727
Domino Rally,695771900545,20386
Don King Boxing,710425343650,17473
Donkey Kong Country Returns,045496902001,30775
Dragon Ball Z: Budokai Tenkaichi 3,742725275584,10876
Dragon Ball Z: Budokai Tenkaichi 3,742725275942,4687188
Dragon Blade: Wrath of Fire,879278340015,8863
Dragon Quest Swords: The Masked Queen And The Tower Of Mirrors,662248907208,12099
Dream Pinball 3D,612561100060,13145
Elebits,083717400516,7321
Emergency Mayhem,767649401437,13222
Endless Ocean 2: Blue World,045496901837,20777
Epic Mickey,712725004576,30791
Excite Truck,045496900021,7323
Excitebots Trick Racing,045496901523,18725
F1 2009,767649403028,32354
Final Fantasy Crystal Chronicles: The Crystal Bearers,662248909080,20120
Final Fantasy Fables: Chocobos Dungeon,662248908106,14065
Fire Emblem: Radiant Dawn,045496900410,10353
Fishing Master,083717400592,7332
Fishing Master World Tour,083717400783,18540
Fishing Resort Bundle,853466001445,91077
Fling Smash,045496902124,31872
Fortune Street,045496902650,32379
Fragile Dreams: Farewell Ruins of the Moon,853466001285,21068
Free Running,891563001654,20432
GT Pro Series,008888173236,7342
Game Party,031719191895,10877
Gem Smashers,650008501025,32155
George of the Jungle And The Search For The Secret,650008400045,14415
Ghost Squad,010086650099,10879
Godzilla Unleashed,742725275539,10544
Gormiti: The Lords Of Nature,083717401124,22026
Guilty Gear XX Accent Core,893610001068,10354
Gunblade NY & L.A. Machineguns Arcade Hits Pack,010086650440,32823
Harvest Moon: Animal Parade,719593120094,19965
Harvest Moon: Magical Melody,719593120056,19512
Harvest Moon: Tree of Tranquility,719593120018,15639
Harvey Birdman: Attorney at Law,013388350049,11055
Haunted House,742725281905,22142
Help Wanted,083717400813,19074
Hooked: Real Motion Fishing,893610001051,10372
Indianapolis 500 Legends,828068211530,10548
Jimmie Johnson’s: Anything With An Engine,083717401230,31847
Ju-On The Grudge Haunted House Simulator,853466001223,19748
Kawasaki Jet Ski,828068211721,11870
Kidz Sports: Ice Hockey,828068211776,14113
King Of Clubs,650008500158,13217
Kirby’s Dream Collection Special Edition,045496902933,33056
Kirby’s Epic Yarn,045496901998,30334
Kirby’s Return To Dream Land,045496902643,31877
Klonoa,722674800181,18739
Kororinpa Marble Mania,083717400523,7369
Legend Of The Dragon,855433001649,7372
"Legend Of Zelda: Skyward Sword Collector’s Edition, The",045496902667,32356
Lego: Harry Potter - Years 1-4,883929085835,21566
Let’s Paint,802068103040,31360
Little King’s Story,853466001100,19407
Lost In Shadow,083717401063,30842
Lost in Blue: Shipwrecked,083717400707,15066
MLB Power Pros,710425343148,9362
Madden NFL 13,014633197334,33007
Madworld,010086650198,16397
Manhunt 2,710425341632,10357
Marble Saga Kororinpa,083717400806,16403
Mario Kart Wii,045496901028,13229
Mario Strikers: Charged,045496900212,6794
Martian Panic Complete,802068103170,30866
Metal Slug Anthology,828862900029,7385
Metroid Prime 3: Corruption,045496900052,7386
Metroid Prime Trilogy,045496367718,36281
Metroid Prime Trilogy,045496901677,19510
Metroid: Other M,045496901912,21969
Monster 4x4 Stunt Racer,008888175773,19876
Monster 4x4 World Circuit,008888173335,72756
Monster Hunter Tri,013388350117,21190
Monster Trux Arenas Special Edition Complete,815315000528,9370
Monster Trux Offroad,828068211707,11756
Mortimer Beckett & the Secrets of Spooky Manor,781735520284,15956
Mountain Sports,047875760332,19877
Muramasa: The Demon Blade,893384000267,19591
Mushroom Men: The Spore Wars,899163001241,16107
Myth Makers - Orbs Of Doom,828068211691,16207
Myth Makers: Super Kart GP,815315000498,10882
Namco Museum Remix,722674800020,10359
Need For Speed: ProStreet,014633359831,10553
Neopets Puzzle Adventure,013388350056,16147
Nerf N-Strike,014633159394,32918
New Super Mario Bros. Wii,045496901738,20014
Nickelodeon Fit,710425348396,32828
Nights: Journey Of Dreams,010086650075,10927
Ninjabread Man,815315000504,7409
No More Heroes,008888173984,11867
No More Heroes 2: Desperate Struggle,008888175605,20375
North American Hunting Extravaganza,828068212025,15910
Obscure: The Aftermath,893384000397,13146
Ocean Commander,853333001394,16880
Octomania,815315000733,10554
Offroad Extreme!,815315000535,14210
Okami,013388350070,13218
One Piece Unlimited Adventure,722674800044,11871
Onechanbara: Bikini Zombie Slayers,879278340053,16280
Oops Prank Party,083717401049,22143
Pandora’s Tower,853466001551,33986
Penny Racers Party: Turbo-Q Speedway,053941706012,15691
Phantom Brave: We Meet Again,857823001550,19483
Pinball Hall of Fame: The Williams Collection,650008400014,14090
Pirates: PlundARRR,096427016441,31499
Planet 51: The Game,010086650310,20003
Pokemon Battle Revolution,045496900168,6799
Pop’n Music,083717400905,19804
Power Punch,890219002212,21630
Punch-Out!!,045496901493,19210
Rampage: Total Destruction,031719191741,11148
Ready 2 Rumble Revolution,742725276956,16453
Rebel Raiders: Operation Nighthawk,780332095898,7432
Red Steel,008888173243,10792
Red Steel 2,008888174172,21102
Remington Super Slam Hunting Alaska,859292000355,31301
Remington Super Slam Hunting North America,859292000287,30703
Resident Evil 4,013388350032,6800
Resident Evil: The Darkside Chronicles,013388350155,20027
Rooms: The Main Building,083717400967,21104
Rubik’s World,855433001915,15864
Rune Factory: Frontier,853466001155,16454
SNK Arcade Classics V.1,828862900081,14273
Saint,695771900538,21623
Sakura Wars: So Long My Love,857823001499,21107
Sam & Max Season 2: Beyond Time And Space,742725278974,21054
Sam & Max: Season One,625904552921,14383
Samba de Amigo,010086650143,15065
Scarface: The World is Yours,020626726689,6801
Sega Superstars Tennis,010086650150,11877
Sengoku Basara: Samurai Heroes,013388350193,22166
Shiren The Wanderer,730865700073,20411
Silent Hill: Shattered Memories,083717400851,20108
Sin & Punishment Star Successor,045496901820,21571
Smarty Pants,014633159073,10543
Sonic And The Black Knight,010086650211,16365
Sonic Unleashed,010086650174,16007
Sonic and the Secret Rings,010086650020,11033
Space Camp,047875758896,19235
Spray,018946010571,16109
Spy Games: Elevator Mission,695771900118,11453
Spyborgs,013388350087,19646
Squeeballs Party,708056080211,19751
Star Trek: Conquest,093155126305,10561
Story Hour Adventures,802068102050,16423
Storybook Workshop,nocode20121209175654511,20067
Super Mario All-Stars Limited Edition,045496902148,30822
Super Mario Galaxy,045496900434,10562
Super Mario Galaxy 2,045496901905,21371
Super Paper Mario,045496900151,10798
Super Smash Bros. Brawl,045496900397,11865
Super Swing Golf Season 2,018946010540,10928
Swords,096427016557,22031
Tales Of Symphonia Dawn Of The New World,722674800082,15952
Tamagotchi Party On!,722674800037,11543
Tatsunoko Vs. Capcom: Ultimate All-Stars,013388350162,20376
Tenchu: Shadow Assassins,008888174905,16265
The Conduit,010086650228,19323
The Destiny Of Zorro,812872012049,18738
The House of the Dead 2 & 3 Return,010086650167,14122
The House of the Dead: Overkill,010086650204,16282
The Kore Gang,742725282469,32433
The Last Story,853466001513,37414
The Legend of Zelda: Twilight Princess,045496900014,7510
The Monkey King: The Legend Begins,695771900316,13221
Tony Hawk’s Downhill Jam,047875816091,10047
Totally Spies! Totally Party,853333001479,16401
Toy Story Mania,712725017545,19620
Trauma Center Second Opinion,730865700011,10802
Trauma Center: New Blood,730865700028,10886
Triple Crown Championship Snowboarding,828068212926,30960
Ultimate Board Game Collection,853333001233,10084
Ultimate Shooting Collection,695771900521,16227
Valhalla Knights: Eldar Saga,853466001209,19675
Vegas Party,814157010009,21617
WWE All-Stars,785138303963,31272
Wacky World of Sports,010086650297,19649
Walk It Out,083717400820,20355
Wario Land: Shake It!,045496901172,15064
Wario Ware Smooth Moves,045496900038,11191
We Ski,722674800105,14151
We Ski & Snowboard,722674800143,16366
Wii Fit,045496901073,32420
Wii Music,045496901301,15766
Wii Play,045496900069,13255
Wii Sports,nocode20120128151228959,14613
Wild Earth African Safari,096427015116,13226
Winter Sports 2: The Next Challenge,815315001549,16057
Wordjong Party,828068212094,18669
World Party Games,625904711922,20123
Worms Battle Islands,785138304267,30777
Zack & Wiki: Quest For Barbaros’ Treasure,013388350018,10373
