Price_Date,PC_ID,Title,Loose_Price,CIB_Price,New_Price,Image_URL
2024-05-19,19745,A Boy and His Blob,9.33,13.28,24.99,https://commondatastorage.googleapis.com/images.pricecharting.com/8097647976120381639f4a9a69dda27fc932aba915f15e590e4aac8935394950/60.jpg
2024-05-19,21626,Arc Rise Fantasia,59.99,69.97,99.99,https://commondatastorage.googleapis.com/images.pricecharting.com/AMIfv944_iiDUm9z5YxBDWFXaWavvuDXiaHHeRg-sDOcTn-R6YOm5RBXhjEb1KETThdX1p3Oy4zsPu8r05QnGD7YFPIc0BD4QsvgdhnoBn-IYbqOS2bbIJoQNe6uI9KwdZ76W-_xN-yKlDKQBspQBZ96agSw4_L9dg/60.jpg
2024-05-19,36213,Barbie and Her Sisters: Puppy Rescue,12.72,16.54,27.46,https://commondatastorage.googleapis.com/images.pricecharting.com/AMIfv96Rif05ti9zGzFpCI8OdU15MU0MTwyj88o9RsY4riJvhNdMaeEkDx4gTr1AoWQcGMyNeEcH6WXs8MNxslgljmZgOgvIw6dndRI2bFPFRgJ0oqyEIem3-JhuO0gEFIeuE2tPGYBWl9WWkzbZz-IF0Z-mkcyy_A/60.jpg
2024-05-19,16424,Baroque,18.49,26.93,53.98,https://commondatastorage.googleapis.com/images.pricecharting.com/AMIfv96JBEI-9oYYqh_QoVWPv0KFi45bFzyLZtz2RkUllLyVJrCNSmZVVT_p0NwOntnfYIcgto2_p1H1VrH4kI9LSqFwk0qoOoj-3B-cM2KSnfh_J6h3xNbNGYxmxwBz99edteUEVBiks6EdlbpnR8T99nQpDdmNHA/60.jpg
2024-05-19,10347,Battalion Wars 2,10.36,13.03,34.00,https://commondatastorage.googleapis.com/images.pricecharting.com/281e252bf073b770346f3a935cc699bb1aa832a1e95e754f48872c8922e4dc67/60.jpg
2024-05-19,8621,Bleach Shattered Blade,7.46,9.83,33.11,https://commondatastorage.googleapis.com/images.pricecharting.com/AMIfv96Scn_nqrtKs6SgiREzHSzXPhR6M6epe_WRd7xzhDIqU87TLFRD-4-li8GCnMDypai6qaacYLKy4h2tPH_m5jk8NqDaUBYEdSYM9RciNWF4ZVjY4VyW9jFptCmaJx-dYic2qPwnYkSXj-cEbt1cnlIa3U7CXA/60.jpg
2024-05-19,21051,Calling,47.49,54.71,67.50,https://commondatastorage.googleapis.com/images.pricecharting.com/AMIfv97x3s5qUvwJ64Xajbdc4sgcGdmQKZbMoeegahpEYZ-Xra8luTfor632r5L33ftvvbqd7_M38LFsBxa37Iu66F52GACac85x0xIXBRUb8hvlZw7sDA0UZMmu7700uRYIcKzKnS5fzCZ1wQvLp-lt7QhhZuu9Pg/60.jpg
2024-05-19,16019,Castlevania Judgment,14.44,18.00,28.24,https://commondatastorage.googleapis.com/images.pricecharting.com/20b088943ca01221eb266cecd6b0a8a235c57cf06cf97d61ac2b49f38c183d4a/60.jpg
2024-05-19,31886,Centipede: Infestation,9.88,12.82,13.84,https://commondatastorage.googleapis.com/images.pricecharting.com/AMIfv9785kCNoixQgR-pmK3JIDbReG1CY5NRIYyUKH_z2i8-0fcE5rBPfoZvE_w9T47n6SguJgko2VCfrk-02oBNYd_QaRo4L5qN75nlG5BXWphZGWiIRN0_vTLVqwtkTKoZg8gi--SECpQNdSkI-AHVg1q7snoHqw/60.jpg
2024-05-19,31880,Champion Jockey: G1 Jockey & Gallop Racer,16.99,20.00,33.60,https://commondatastorage.googleapis.com/images.pricecharting.com/AMIfv97EA5QqtU_Grl7XpMsyrrE-zJQoNjcQJLT5BbiFSWOyp9UCb7EeplP2Y7Zzajjf9icNlIkIstJ3zBScLVlY_sXiZEciyqGvOpEgkL6mYqANnyvjypL6LhcPSCwnObST9bQBAxzzMTafBMxgXJSy5awDD8RylA/60.jpg
2024-05-19,31344,Conduit 2 [Limited Edition],19.24,42.49,57.72,https://commondatastorage.googleapis.com/images.pricecharting.com/AMIfv94gxenptUSRqXyedC7XDDv-0txpbxNsNXQPxQ_YHZG2eMDlilgrp7bpdbrEhMeDrP1det_mCWuW6NK6r-KRpZdBVQtMys8CqAnMhuTNA-ucoFy61uTtr3VqsZVySBnQDIU7gEWmTcMpSkCfNaXNyQkKV3D-1w/60.jpg
2024-05-19,19511,Cursed Mountain,14.40,20.13,24.99,https://commondatastorage.googleapis.com/images.pricecharting.com/AMIfv97ttYYpCF0IYeo4q7L6aQkx04BnWTJYWYadcKmHHK4hADZiHAz3TJ8a8-6TgyXaYGkP-qZNPDEDxfS5o7y1Rt07ajTPAJqkvUo0sxoZBpw3IlgJk6qXW1_nn-Lgi2--jeJJARtKcHCGppQpbSTEWbPKtFwizA/60.jpg
2024-05-19,36666,Cyberbike Cycling Sports,99.50,179.98,511.29,https://commondatastorage.googleapis.com/images.pricecharting.com/AMIfv96d0ACfpG7iw1AHcMMW2yUbwDqxyHQ3Ip9MFnVflJZoPg2lL8qOHUuuPuuwHEJdhROmiisM_zwrfD5Cl0DErGDYIrYHH03vU3A0WULxjGzLLRrsTddzEF7mAtNsfaRFLh0CGSXN4gxuOS8UwdakUpcgqz2cXA/60.jpg
2024-05-19,19668,Dead Space Extraction,20.49,26.24,46.74,https://commondatastorage.googleapis.com/images.pricecharting.com/0bed9346bf3214ecb429165d86072063bfc5cc8297bea90ebde3eed23237f439/60.jpg
2024-05-19,13815,Death Jr Root of Evil,11.42,14.16,29.99,https://commondatastorage.googleapis.com/images.pricecharting.com/AMIfv97xo1OjQDfm5QkW2tDeHzZgdIW2q3KUlBOjnh-FFw50htR9dQiqtt8h7VNcwYVV8HF8to93mw67jLwb7gld4u0119j_v81oSdylW8H5NdfXwsVZMVV0FqVeqiYMxOs-hTGbEExyPVFUYPfPFt8k-XYc_M0oiA/60.jpg
2024-05-19,15727,Dokapon Kingdom,31.97,64.42,174.92,https://commondatastorage.googleapis.com/images.pricecharting.com/AMIfv95RJ9RxfRMNa01SYmaUIVn4sG9AIJPVwTVa3WklvLZgXNrvDnLKoUGOxOK10Nz0hNiU108WNoTkK17gHq-A7ZlqoiYnuVRYGdQEWM5zaZu9zWRstb_cXsiLz3WYzu_gs76AJxYtnvHe3htSw7MWl4Ksn564RQ/60.jpg
2024-05-19,30775,Donkey Kong Country Returns,12.99,15.71,34.95,https://commondatastorage.googleapis.com/images.pricecharting.com/0339a51b2bbbade3e83b49d54b5b66c74482535dc8d67526f1cb0624e1a4baa6/60.jpg
2024-05-19,10876,Dragon Ball Z Budokai Tenkaichi 3,52.25,64.98,152.32,https://commondatastorage.googleapis.com/images.pricecharting.com/AMIfv945Fk8ia-YY2EIljPSpE7LroIV6pHoDDJO4ZySHoSaXyzqUOgQ8YK9_JdktpnJEZ-84UZN0UUaEZznxSkHRBiCq3U85WyySAYYbFABxS73e6YYWz_IC6hK4HGQpKc1qNyJZisvAFMAj2ePXXX6LzzHrvcYgxA/60.jpg
2024-05-19,12099,Dragon Quest Swords The Masked Queen and the Tower of Mirrors,9.47,18.73,48.49,https://commondatastorage.googleapis.com/images.pricecharting.com/AMIfv94R3n920VjrH1IbC-EkzIMRrf-22mz4Bwsd_7pebZ6rY6jt9sKfdQcf6QMl8QUSOYt7oOtv7Sgpfh4jxuX1RWmNm8mhn-ATOVsYKFNp0rZ_v2_IQt3ZQJN0PSHBLpj5GB6ze4o4JESfOtOh5mNBvLo_d1Gk8Q/60.jpg
2024-05-19,20777,Endless Ocean: Blue World,14.81,22.26,29.62,https://commondatastorage.googleapis.com/images.pricecharting.com/77bf138fb9cf7da1e693f0a9cffd8742055050296c9bb5b3e64d1266b74239f6/60.jpg
2024-05-19,32354,F1 2009,32.70,36.35,84.99,https://commondatastorage.googleapis.com/images.pricecharting.com/AMIfv94_8NxHWTXGr81bgIPUPInAx3ShwNdGCU9HWR54wxdads7H20jwxNn8Ac63epymqKtySvXZZbiN7t80yHQTqxcqdO8RlNi5d3bOFYJjuoUeLnAy5GGAwuzlMVT9t4QlPpSSWKCOnuLjDna8Nq_cn8r1ikYRWw/60.jpg
2024-05-19,20120,Final Fantasy Crystal Chronicles: Crystal Bearers,11.99,13.68,33.51,https://commondatastorage.googleapis.com/images.pricecharting.com/786458bbc3c43865ec70723471b01c576e2e2d2a74a09ad9ec435948855c65d4/60.jpg
2024-05-19,14065,Final Fantasy Fables Chocobo's Dungeon,16.46,19.78,46.26,https://commondatastorage.googleapis.com/images.pricecharting.com/AMIfv96BcHPVM7yV_KpmH99Zd6WLY45EDxlr8qzSZVtro_3t9oX58b2_h3cy7p5NnKUK5k8e3AhYkaLoSTL2h1oiUR6zpMlOlvOyie38uAM6cfkcecwlKRMphME-H_IDyh_FEYKoGDvGUjX1nilsPOUHByJkZrO9NA/60.jpg
2024-05-19,10353,Fire Emblem Radiant Dawn,93.47,104.49,168.68,https://commondatastorage.googleapis.com/images.pricecharting.com/AMIfv97SDGQMZSaB710m4A_3oD_LN-a3YxZWWFMqBZke19K_NZgqQS42kDZp_wZ4dNOA3dm_FDR2z7yfCk11oV1YWPIeghgqPRZuN7tKN8ySEc6_t9ZZHwk_jnbSicCkiiGOtgFHSvUbao57hnt5nsOYcI6WpNSaSg/60.jpg
2024-05-19,18540,Fishing Master World Tour,6.49,9.01,18.28,https://commondatastorage.googleapis.com/images.pricecharting.com/AMIfv96cF6BUJJ9jgI2Rb-FVsdEb-2jga0-fOe1sNaA-0PitRzsvZ5PHZKZ28Lm0uOhdaSAzQ7kpwkTvopsfiSEZJGtUhrvZFDux6w1uNN7aNyVduBFFbrPgi2rYDEbKFL6gD45l_QydThAA16UrWjKzS6qLCN5Zvw/60.jpg
2024-05-19,91077,Fishing Resort [Rod Bundle],78.44,134.80,159.99,https://commondatastorage.googleapis.com/images.pricecharting.com/5a592e4f34c86eb00c04951bb4bf48772fed817602d07331b6b1d0ff67edcd05/60.jpg
2024-05-19,32379,Fortune Street,26.01,30.00,55.22,https://commondatastorage.googleapis.com/images.pricecharting.com/AMIfv94esqRsQg_wIudSVPbwLUr-EtreY8yRgYS0LCCIy0gwIPlUg7OZWg-_01zp48zyriC2As85oVEuYypphHXJtI1LXi65JycbzeomyxqkemNhon4nF6HX3H5VoZGHkbycEKCjFYM3D3ONy5tm8GKimIktwlw5dg/60.jpg
2024-05-19,21068,Fragile Dreams: Farewell Ruins of The Moon,84.99,85.12,120.00,https://commondatastorage.googleapis.com/images.pricecharting.com/78328bae213348edee1ee834c81d4c9dd27b5bdfa2269d6dc7654a7907bd748c/60.jpg
2024-05-19,20432,Free Running,12.34,19.90,30.60,https://commondatastorage.googleapis.com/images.pricecharting.com/AMIfv942FnJi85LBW_IVvFJEkcwNMuzWDpWU4Gy1KyxJigelIRqbT2OiMk8jzpzxaG-a4bvQpsnEBpNLz4AadoR9lOl8cx-0VFOBEzGv_wBIvqQ2Th0TKfsLpwoJXqevPgA0kVJNsoqFHm8GHjr4Vi7kCvfSMkzw8w/60.jpg
2024-05-19,10879,Ghost Squad,8.23,8.29,19.95,https://commondatastorage.googleapis.com/images.pricecharting.com/AMIfv949ThAqk-_v4NPHe-XVAdMk5_vlwacoiEAxMEoXcwLC9fbrirMImyoyNZPkA3c0mgAG0BO7wxd3-d0Itu-c2KwiQyiklvZRWPLFPueN0jWsUlpWlFq-ibjzU1PrwgBXOq1xa9X7Qpf47SnKc7L2BrfXd_gz5g/60.jpg
2024-05-19,10544,Godzilla Unleashed,40.50,46.95,105.54,https://commondatastorage.googleapis.com/images.pricecharting.com/AMIfv96m3xDb7sMFGdkYEsy6Ltwe2zD6iYqttytHHmhWbingwQ7AFIdXxMDcYZ7eU_4gdoPqahA-6ejSVNfJBGFZHrtBIG5lgFOtc3WWVqvwoo_ACTumX-YpnEk9roQ0bg50KKn7uz_PBFk9rnRC6mJART9dgy_REQ/60.jpg
2024-05-19,22026,Gormiti: The Lords of Nature!,6.64,9.70,15.70,https://commondatastorage.googleapis.com/images.pricecharting.com/03dd5f3c44d2e09c9c67e593d04d773caa75251fbd4bdb2555531a8ed540e9e5/60.jpg
2024-05-19,10354,Guilty Gear XX Accent Core,14.01,16.17,40.85,https://commondatastorage.googleapis.com/images.pricecharting.com/AMIfv95QW881kH0XLARFTIW3wXtkLlmns2iyZ3JIdnjWouv8IbdPLjtDp14LXwr_Y-wMOh0bL0ielZuLrlhQ_iy1e6Ib2gWg7zPz1cQEr42SGbsGdbd47en0wm0wbSQ4z959Qfo57ZXrH-pRMaIxfEe7B0wywMexXg/60.jpg
2024-05-19,32823,Gunblade NY & LA Machineguns Arcade Hits Pack,68.00,76.31,99.50,https://commondatastorage.googleapis.com/images.pricecharting.com/AMIfv94HgXCOu3jrssXFA8W_kIG_t1yF1EnVufUSGz7nt5V-7pM-nFHclKF2jjv3ixfnEKvrxV_wBwwOJksQmggwZkHnbH033x0pxByNXkG6iA4nNyQs3g4hUxyfIlvVS8zt1RAKGL-MSysr4sjoUElQL-i_o2_FrA/60.jpg
2024-05-19,19965,Harvest Moon: Animal Parade,20.89,22.76,41.00,https://commondatastorage.googleapis.com/images.pricecharting.com/AMIfv977LbjnRF2WMAveutk7E_m9r-L-2J8TIM18RytZxEaKTxYuzh_Hqn28DOgyRPMgQsxdxa8CvzfvMqf7DXcs9qN_pN83Tg64q19QmW5Q97wJVuDRtIHGM1K59R7VSpCUyuSro1Cqzp4ppTcFBX3lThgzrQM-HA/60.jpg
2024-05-19,19512,Harvest Moon Magical Melody,13.38,13.68,21.48,https://commondatastorage.googleapis.com/images.pricecharting.com/f449b29b7a6c7080a07e36beaf8228db6b2192537c294c5f1bfb29f2f618cba0/60.jpg
2024-05-19,15639,Harvest Moon Tree of Tranquility,11.91,13.19,19.74,https://commondatastorage.googleapis.com/images.pricecharting.com/AMIfv96HQoYJD5QN6GQawcNvzsCcxWj9ZykVCF4sapLVuugArleI0ZwckHXQ5YeTowcJzKucwcnxxMeGm3aX-bcNQbKjA7JcZUybdjKeJH8XbSVAlgtLUeHgV4QGFQNhoBGAyf2m0mMSr92t1JzTisB6ec0kN4DrZw/60.jpg
2024-05-19,11055,Harvey Birdman Attorney at Law,7.81,11.95,15.98,https://commondatastorage.googleapis.com/images.pricecharting.com/AMIfv97iwE-fMJIufMv-Vkb7ob5Dncda8Ql1eqGl0-S7v_iLrQKCtB0WWppYlrf5xez02Cn7Lkb8cLhmaFbnEesQVRRS50UdLrxd7S1B9ZzvmibDQgKx-wOK4_mDEh-gUl0mNDQnX8WsvhHuUDAg3b9kOzEwJxhaDg/60.jpg
2024-05-19,19748,JU-ON: The Grudge,65.00,77.69,270.00,https://commondatastorage.googleapis.com/images.pricecharting.com/AMIfv96z9ZU-Zkk8DkwuoIVoUb3qxRwf9aYrxMiu8BUqY6bhPz1vscI-KoA4dj6eOGRphsHfZn8BgU6KVpphlKi9mtJ9EO5_O34QG7C7Ba2H5rfPvDbCWd_KFo6FknSI_vUzNcOpA-lMF4GwS1FcopLugeuX0R6Sng/60.jpg
2024-05-19,33056,Kirby's Dream Collection: Special Edition,44.92,55.52,100.00,https://commondatastorage.googleapis.com/images.pricecharting.com/AMIfv96DDURFTBmbFNcub7bula0BEEqGaD5tViQpeWt5YDILlT6anxI6xKdsk6FLHOGZkyVWGJFsqPCc7wR9daep7LCJuoAyxMob1-vVY14RDlEWs5Ud0wJXiCLrA_R9_zhXAHQO4NTGbqpZkTL3s7OVbaf87iElCw/60.jpg
2024-05-19,31877,Kirby's Return to Dream Land,24.09,27.13,65.00,https://commondatastorage.googleapis.com/images.pricecharting.com/AMIfv94_zzn6pTcCXhjAMJcHFi44g10JUS9nVB0efIoacLyrWYnHR5s51Rsh2oL8wALnt3z3f6XARmq8XRl8ySe_7f7oYNn9AzEm6JkGo91fYrnt_Q2TafTqVADO6C9QXYv6XMVl3ezZ1smyYDrbcW7xg1eEpEj2rQ/60.jpg
2024-05-19,30334,Kirby's Epic Yarn,14.99,17.99,37.49,https://commondatastorage.googleapis.com/images.pricecharting.com/AMIfv94ZFZ0g2gGk1_qnuhB-aei8WzGtD6yIEZWwKyFDchvH5Eg1cj1aapjURfLtPLPEOlaWgDxn9BAIFbMafbqgsKtiQ6txkEXCndsQ4totVwI_L1yDhl_aSpexQo7Vmc3i15I2kUvFW2t0urMhqLM_yMfosVMlfw/60.jpg
2024-05-19,18739,Klonoa,19.75,34.95,91.25,https://commondatastorage.googleapis.com/images.pricecharting.com/AMIfv94h297-TcA0DS89DItdNcRof_BlKPt_xrjUka2LSHPCvHi7LpyzwDE8a0ez2EL-ysQ7q0nTn3ZXktFt_fdFu2_rAb_9_4vbVI07TNjbhy_b4eAdv7HiGIv6dI1NSBWkxfd-YShNqHsgfB9mypDoxmaxnt4esA/60.jpg
2024-05-19,7369,Kororinpa Marble Mania,16.52,21.46,34.96,https://commondatastorage.googleapis.com/images.pricecharting.com/AMIfv94XbXu3-iYygg9kbf_4Praf1BdEGCp80IV0p5BsCts8GtRVd962n4NozyeQq1kfaHmT8G2IMS7IcAp9QZrejORuc0Qwa3bvgJXZrNfRZyKmg2hZNKxuV2ivGYZeZ_THzCxzyRQCLeJoj_neZo9jAmsBAr09Fg/60.jpg
2024-05-19,32356,Zelda Skyward Sword [Controller Bundle],59.36,67.73,175.96,https://commondatastorage.googleapis.com/images.pricecharting.com/8c070af59b4000b75bb1944a4917b33615d140d7faff15df3930da65d719cd91/60.jpg
2024-05-19,19407,Little King's Story,20.82,22.44,36.00,https://commondatastorage.googleapis.com/images.pricecharting.com/AMIfv94S2AI1nCO4nUUyaXnB9hjfLlQrcg3_ZuUYE4r2U7PLUGAaVhFgE_Y1Dn5VGx2M0mw2jylRv-ABHPm89-R7tF6XqrNyMAz_B6TemnytfgiuPhAykZ_PL68-AF8fJiapd6rnzSyNujbze9T_EmSp1PfMZytvcg/60.jpg
2024-05-19,30842,Lost in Shadow,19.99,29.59,44.04,https://commondatastorage.googleapis.com/images.pricecharting.com/AMIfv96-tG_iPJDWLsxxJgiY00Uxrxboiq_sAotquG5ug29DWcw4dP5Iun2he-gq0YdfM91FVI5f2-M8O8NdzEQLlPdt4hDPKw8xI_bEk2uqEc_elpgWZd3J713mPBAvhKlRy9H-UfL8gl-82DVPxuNn83b9n7f6Hw/60.jpg
2024-05-19,16397,MadWorld,11.59,12.05,21.43,https://commondatastorage.googleapis.com/images.pricecharting.com/AMIfv9602SSs0UqamRLW1WJCIDibxO02B3f8PqyyO0CbSSKTbfCFUNxaBLs5rr1FAjjzh6vlhnur09kaB4Hrs9Za4DNnrU5UcBfC4m8t5GPZrJVgSsJDO2M176P263zx-PWMB3vw1-_VtMrnBIAVpZdb9eQd2EuOXA/60.jpg
2024-05-19,10357,Manhunt 2,13.46,17.82,44.98,https://commondatastorage.googleapis.com/images.pricecharting.com/AMIfv97TnNGTyAm0WRGWNSDOh-y_SgPFrT8vS5l0gBnoDtyHPBMtu9Oy63v0NVdUyd_4JA8vumlqss0-aU1gIn7A2XNo4fW-JRVO8cGRHEZvwvBC2Gat_0RApmyULXrNQBTpf--yPYcMsM_T_YUFzWwAIlH6-DI48g/60.jpg
2024-05-19,16403,Marble Saga Kororinpa,8.99,13.61,20.00,https://commondatastorage.googleapis.com/images.pricecharting.com/AMIfv97-ucjvG_neNH1QfwClq32RH0GZF1EFtMEYesPUIvxjCIYOOtohFeQzMf6wZPtPdprhUuFeMd20OWppnriM0BbjHvxUrp3eI4zGYMtOJ5RjaEr97p4vL4K76rVdJgfJ1v9NmD190697MRFzFJrfqTHuJSUQTw/60.jpg
2024-05-19,13229,Mario Kart Wii,25.49,30.98,59.95,https://commondatastorage.googleapis.com/images.pricecharting.com/f792738d137b4c63f4cdea8f3c0b3ac81bfc39157a586408cb850b55c936fcb9/60.jpg
2024-05-19,6794,Mario Strikers Charged,11.99,15.99,47.14,https://commondatastorage.googleapis.com/images.pricecharting.com/AMIfv95RxQDaCO80cY_M8nm4oNxJfsFsBMJbEETezShTSGadNCvGuxpC8DchXplCmHoNsc32HGCGeXdoOn3u11HXv9Fgb9MRj-W223zlWYlSsAX3kDJu9L3KlH8tTgEHZiQ7gERiFWjksUFJtAXMz1zV6lx46VYr9w/60.jpg
2024-05-19,7385,Metal Slug Anthology,15.05,19.99,42.00,https://commondatastorage.googleapis.com/images.pricecharting.com/AMIfv95MIeLnhf1uPAlE1PApVY-GLCE6HwCUVWlsCkKqxoq2PMTaAxYcjbkTj-QOHElXeANRCGnEmJzN7PspnAivzadDDpUfBwM-6W-WUvKw3B_yraznntQpjtbAQhkA0AdEv4Jik3MxqhpvzRPZAO6-mYFTInLVgA/60.jpg
2024-05-19,7386,Metroid Prime 3 Corruption,9.37,11.95,47.16,https://commondatastorage.googleapis.com/images.pricecharting.com/AMIfv96gNogAB5pYOPykxjQCZWNkrzBGYSsuQs3YrRkv9ItnIFvEKZ6FjvLayiOes0zrSI4DCuuTEP47la0jyBlGGFaaX9D5KKM5eIt3owQeJNvBeDZXyVndjisgImcRDmPBIIe10qjjCv3V7jCRjbs894GmyUYPOg/60.jpg
2024-05-19,36281,Metroid Prime Trilogy,61.18,64.67,120.00,https://commondatastorage.googleapis.com/images.pricecharting.com/AMIfv946TaPRSBjz-Kj5jpC-OXskbbxC5R3HvxCsXl8trn5q2wxcN3zlKE3rEZlqo7KnTa8oAxDQqkKxQ3BDkPnBm_VuVwinfLf2mrx2uX58kV32eNpYJoCXLb0lU_D2wnFjRPZGAB13fI22aMDeoA_SEE-9wPmUCw/60.jpg
2024-05-19,19510,Metroid Prime Trilogy [Collector's Edition],73.03,76.05,83.60,https://commondatastorage.googleapis.com/images.pricecharting.com/ea813836f807559efa0d2e757dbb6dd55dcce3fb759a56006d18e9f1d5dc6d90/60.jpg
2024-05-19,21969,Metroid: Other M,11.97,14.00,20.99,https://commondatastorage.googleapis.com/images.pricecharting.com/1b371fb2793472f8027a62d687edd7e021385cbe4cfa030cd64b8b1c90fbf22a/60.jpg
2024-05-19,9362,MLB Power Pros,8.99,9.75,22.39,https://commondatastorage.googleapis.com/images.pricecharting.com/AMIfv94zQYYqKMjAKtcCPQfi1hqcsYVydhF1Gycz0uGGfhdaJpTbslSASCaHKCIx8ULyrW3xRnfa4gQDx0T73rahXIuLDkZNqaUnv9wa2goSXPkM776gYCelR2jo3FSQb59xPkjoqqqoeda8oybmTP2UEZoGw8w39A/60.jpg
2024-05-19,19591,Muramasa: The Demon Blade,25.11,36.92,53.47,https://commondatastorage.googleapis.com/images.pricecharting.com/AMIfv96YO9I92uCfmOTih3vs_wxllUIHPDL92UJCBKD6sshGAd7Gz7XdZLcWBsTJjBSxNNb8780-dZy47oQ04y7GtfrGBqPjEPy3Np1Bk1IH1NzxuL7Qi4By01hlGIBPnhzOr22uEZtqablyyDGjsfNAmmy5lnZX3A/60.jpg
2024-05-19,16107,Mushroom Men The Spore Wars,11.00,12.99,22.00,https://commondatastorage.googleapis.com/images.pricecharting.com/52796bb7ad6216960ca42afc3bac413acb05cd27e873c84ce9131ec1071de245/60.jpg
2024-05-19,20014,New Super Mario Bros. Wii,19.25,23.63,49.68,https://commondatastorage.googleapis.com/images.pricecharting.com/91f55117c07f21c8b40dcf0155b2c532077190e9a02cdf7fd529cf49bfbf8cb0/60.jpg
2024-05-19,11867,No More Heroes,10.96,12.18,38.15,https://commondatastorage.googleapis.com/images.pricecharting.com/AMIfv97Njmlpz6dDG3Y-a5Ic1WkMyw7bYIqMHFhiHBJKPCqdlK3mjQ2u0tPBOkuKGThJnAcyBr2lKAMvhfQjQ4hj3RIEUnIgo9A9_kfIKvgEwjiwqnlN0I-WaEJViW6hGQV-qvn0UrheJXMprYBZNWVvWw1PzjWOSw/60.jpg
2024-05-19,20375,No More Heroes 2: Desperate Struggle,13.15,20.31,32.95,https://commondatastorage.googleapis.com/images.pricecharting.com/AMIfv96nj2d2Z6R6Rcy_8s5keZM8fzru93uiGhXRcl6PcYwGkhPujnnAUapp_MsLmeyGFeKMpLPfMNTSIH0ren0d6zbthOwKulaDKfnvu0v8aWXV7527SYIEw-HN6G4XBAjmAl03tCQTOmSltWweFQN7MO_2gzamMQ/60.jpg
2024-05-19,13146,Obscure The Aftermath,9.99,14.79,34.98,https://commondatastorage.googleapis.com/images.pricecharting.com/AMIfv96aneWvVhzwMf4MiwTnjU7PbMS3q9V9erLcENdkpvnl11lFrNd5Mwu1bgd8mnURVLDYbRUR1rlTSaohB_kkUUW_N5zofDnEFV9JAtQwk72kaLU5W1Qcifsbv067_bA1EKXA4eC-lxqmTvDojaebCED1DmyF3A/60.jpg
2024-05-19,13218,Okami,7.14,7.63,19.97,https://commondatastorage.googleapis.com/images.pricecharting.com/AMIfv947aFNJH_EaouSUtMTjR-pum4u5jnGGUXboVtwJaoLKCKjnpLSQ26QFKBH8M7xeAmnxnqCzNr5lkK7wjs81H3hvQQFJDWb5hD1n6Ydr75wNXvlI2VmcYnhwdi87cup8J7SakIgmyjq3J3AVAPg5NuYqqi7XMw/60.jpg
2024-05-19,11871,One Piece Unlimited Adventure,35.49,40.00,72.68,https://commondatastorage.googleapis.com/images.pricecharting.com/AMIfv95dyr6JFNP20C7z4bGEbx6Nn6eKQCrNrIlGQk49TpWzzD0THSmDm8nYPXJ87UvTat4tgNSUXw4vSkpoj3sBV-aRlBnhdKkOhkB9IkAm1UGSe5PQNHtKXUkgoTbVhgJeKnRJ_jn7JHUArKdKEC8gkmS9Mmryqg/60.jpg
2024-05-19,16280,Onechanbara Bikini Zombie Slayers,17.82,28.51,53.54,https://commondatastorage.googleapis.com/images.pricecharting.com/97548ec29ebfc3239fb9f1230076d36eb05de3ca393d485aa04e76e3c980655b/60.jpg
2024-05-19,22143,Oops! Prank Party,9.80,10.04,15.90,https://commondatastorage.googleapis.com/images.pricecharting.com/AMIfv96s8YWD-NoygK4tvMrrHwZMwek5UpbuM-IoqXFeZXqgt0OPWOo64uPZ1W6LQP1Kz0Zjm4Y8Vqe0UdVkAIhDlGmpS6hQreDAsFt7ovSQxA2ta5011dJvIlq46aw978ITtWKVYJCJH_V5bWTRlDHk2zAEEPiGhQ/60.jpg
2024-05-19,33986,Pandora's Tower,49.88,73.16,92.18,https://commondatastorage.googleapis.com/images.pricecharting.com/AMIfv96XlTMpEq243sS-9UD1wcnmlnMRI3VHuRpWtAG-Gg-qxKwgNTlLd-ROkC6ZFNA_J8DGOXJaSKm78BYjHySM5xyVGqv6aoGIccdDkubemSj7MkQATuPK6qFL_oJC2dNz_Pnq27QwOZ4clUISXaN9g8klrAdTqQ/60.jpg
2024-05-19,19483,Phantom Brave: We Meet Again,18.27,19.99,53.63,https://commondatastorage.googleapis.com/images.pricecharting.com/AMIfv95s5Jo7JzJ27jZrChMfry8mC4Tg5-hPtDf2A6yC6ltgrLERsAePTKPlj_0jNcbd-tabIz89wivFCOXKx6p7xdKWFHQ-Z7t4loWsdTL4Io5GSbWqmXHtL0CuQcCl6uTyPwGXnFAn1KMnV3vNsiw0MCDeOnsaJQ/60.jpg
2024-05-19,31499,Pirates Plund-Arrr,11.98,14.99,20.90,https://commondatastorage.googleapis.com/images.pricecharting.com/AMIfv94yVP7xNVVeT2t3ZEEagqS1PDYebyyLbwy_XJpcWSs9pacIGqhClqaCfyPQ2p9B9hgdOwLrHkop8KZIq9z2QGcWc8GmTseQBKYANtAnUK8gzn5RksGG506pS_dXuAF8rkc1oDIIboGBF8Aphno9lfGhZ8U88w/60.jpg
2024-05-19,6799,Pokemon Battle Revolution,19.06,30.04,131.99,https://commondatastorage.googleapis.com/images.pricecharting.com/fd249b98d605a1b94090e61dfdf0cfeb9023701df665a82e93cad361b3475deb/60.jpg
2024-05-19,19804,Pop'N Music,8.87,9.09,17.79,https://commondatastorage.googleapis.com/images.pricecharting.com/453682589cd7bc3699fb544311ad2c7e14b734e4530c5e34869497027a84b677/60.jpg
2024-05-19,21630,Power Punch,15.00,17.99,40.00,https://commondatastorage.googleapis.com/images.pricecharting.com/AMIfv95lEaLb61GoZ4inmblFJF2_YOE50bLvnjpJ1ZEt9w97XIPUl4wc352ABZwCNV-9kgR6w3t9V_IlgZzCfabPlqkmc8dFtfnWYQWSuLkgn9E99_nQJsoD8Zpo2j1-CO1FSC-VvbDWgyWuZTNMBCnenaAkPeV31g/60.jpg
2024-05-19,19210,Punch-Out,29.50,35.22,66.97,https://commondatastorage.googleapis.com/images.pricecharting.com/AMIfv962WjZq3qjD-92qVnUmmKYR8qelyhdkwZf6NhBDSIwsZfJlyL_DgRKcsqEdc6fTCzrEgoQ8KQVuJQ-02BpXwBQzASJDlkda_DttnuCCw0SL5vALKpCljOnMAHIUxdtAO0TPDet6y-yMXrqwjwCNQJqeQ8nbcQ/60.jpg
2024-05-19,21102,Red Steel 2,8.99,13.97,21.95,https://commondatastorage.googleapis.com/images.pricecharting.com/AMIfv96zUhc7TbyJKGV8ixMGiiWtxwuWP3wG9uo83FZWDBKV3Pu6WS5VZLOxvp8W53AhbRsQe4Obja5xv6405jgUDX1E9DPFDNWfWttiPx8dnwGXfp1uxyETNjO1ucO-bvWQARS_IYZSZBeK2n-1_toF_f4ateSBrA/60.jpg
2024-05-19,31301,Remington Super Slam Hunting: Alaska,9.57,9.97,17.97,https://commondatastorage.googleapis.com/images.pricecharting.com/AMIfv96RwB2PZJBOdkYSxD8BqsTEoKEWDkqnl7TDwu7_QhLuuSX6GjPMuGPH5HPFXK7YbfixQwTAb8BbNJZwAzRi_soj_2HkfLu4wFaWICSE4w7guKspmnwrdTkQsbz_kNXemJXnboyude2W4oPqzib8ws79GzVjBg/60.jpg
2024-05-19,30703,Remington Super Slam Hunting: North America,8.43,11.26,20.00,https://commondatastorage.googleapis.com/images.pricecharting.com/AMIfv975l3Y8m8Uycet7e-wB0m61sGUtwAb54KrQ8aT3ND7plZGFjGPKAT8azHnDj_DVHWrjsTUO8NeiL9G-mF989HCKbIWE4m2ApBWmH0QY7pinWHRJu6WtQukPeHhqRTEtMi7f3IBg3uJr_14tVKqR6lzoYFBveQ/60.jpg
2024-05-19,6800,Resident Evil 4,9.42,12.41,29.12,https://commondatastorage.googleapis.com/images.pricecharting.com/AMIfv96w9PnSVg4pCsHAuCGhZzmG4EcjgCnVxU0MMhNCBnCAJQkGvuj3oZvcjVLFDuCPAiP3VM-LYSxT8kWKQmBl0aINk9fS8ovwn2a5G2_ygdXCRa6XIqGK1aEFCj-eWdylpxUPUxHTggcZ70EAbEPIFZlmuj91fw/60.jpg
2024-05-19,20027,Resident Evil: The Darkside Chronicles,24.61,37.85,52.77,https://commondatastorage.googleapis.com/images.pricecharting.com/AMIfv97J0zD0Elf_XLARGH7824480LOg6UFslxYVfpemkGuZKcSysS_6a7QECq-xBI1q66tq1Jek7EUxGQP8c5hwp715YHqxV5DzQzgZG3ZEINu80UEcqHNJ_cnnAUG5V4lNvi5YrYORxMi1yH4rLAf4XVRFOBVpOA/60.jpg
2024-05-19,16454,Rune Factory: Frontier,27.47,29.16,44.99,https://commondatastorage.googleapis.com/images.pricecharting.com/AMIfv95xnwmukYC0i5aAQ5_6AcRQciST6fF2SPnCd3kJs-EKbm2_erDv52MtukJZ0hcgeL7FN_K-XAhkM7GbMHrRK1-gQ0UZII0eCmzjf3PmokYbpEuNN3xi7EN2bG5pY3nafM0ZT3Q3kzJ4xGW-U3x5Ebx_PrTTvQ/60.jpg
2024-05-19,21107,"Sakura Wars: So Long, My Love",52.50,68.47,100.00,https://commondatastorage.googleapis.com/images.pricecharting.com/AMIfv9574cmQOQuzPQvsko4E44hORtfnvQ4Bx3oM4quLUnUUNdfNHTAgkSr1guW-xAO5MNBip85hhvloAce22SrKafd2k5MQPIlYvPr_WIS88Pke-0_V3x4RJY3mykJl4PerEedcg2pKZfQi8n7UkE5AMmSJgUocgg/60.jpg
2024-05-19,14383,Sam & Max Season One,8.00,14.21,19.92,https://commondatastorage.googleapis.com/images.pricecharting.com/AMIfv95pGEDGSDRy4xRHkQCOtIo6c1bgk11bMoK0AF0w9Z6vuU_NUz_VPij0Wc12Gga-WjxK5VZjCLT1gG0EzYuiPTewUU5mPcKYYJ2SflgZ-BMQvAcQqVgnIGiux6UhOvTqIi-E8mY6dsLqG2fmvEThrTqDl6YMhQ/60.jpg
2024-05-19,6801,Scarface the World is Yours,23.91,33.79,64.99,https://commondatastorage.googleapis.com/images.pricecharting.com/AMIfv97qBBUb4J3e5N-pJqmQ4-LZNtOeQ7PTxjrH-UfMOVQ9rCMrIkGd92n9EswF_T3UQjMM9UG_wA7p1nseNZMW8LT6usH9F120ogXg2SXklScHkbGgkpzDXhZriMl5L63hbQmYsZHfWeTS2aAOVR-vaynDq9ojog/60.jpg
2024-05-19,22166,Sengoku Basara: Samurai Heroes,17.50,20.17,44.98,https://commondatastorage.googleapis.com/images.pricecharting.com/AMIfv95nfaEpNi24lvYzHau0aKwaAoEXjfqtJENaoXlvHBZlEHuPdhQ3XkLgh-MRlWL77dzCUQqe0s5j_89W5i7D0IzS4pOVGaguvkwobpEcyS7hJ7gJ_sOM0_SqRnTOcT-UvrwYqN1BbXeopbcSYr78X1psHGdIbw/60.jpg
2024-05-19,20411,Shiren the Wanderer,47.16,62.57,83.49,https://commondatastorage.googleapis.com/images.pricecharting.com/AMIfv95Cw0Cq5su5I0VBoImw5-WC9URbGw-DyjJ16MJWrT7QmnpdKymdLaMSLiyJH4WqT9oTaHpjXcCQs5jldZAjh5fHU6qA8GBqIAFaxH42L9A2MyrQdaTIdleR4doWosrswZ6HRrOzf5FX_LI4Suk9Z1S4XfSWzQ/60.jpg
2024-05-19,20108,Silent Hill: Shattered Memories,59.99,76.54,165.60,https://commondatastorage.googleapis.com/images.pricecharting.com/AMIfv97sLCOwIs2bt6f7RWXdukzFGM7lDLP1H4eoHHufx3oZQyXDwVqZsKE4VIWoAvSwWTAQwtKoseAE9wgofSEZT5tI5mr_Y0phqn-p65ENC_C1bW9rsMoua5hMe1lBHH2SLd-n8JVy8j5bi4EH2DDkfboRMwI9jA/60.jpg
2024-05-19,21571,Sin and Punishment: Star Successor,28.13,28.99,39.45,https://commondatastorage.googleapis.com/images.pricecharting.com/AMIfv97uxGhgDl2uGbk2naSSY6NAnNqMgIj8rptGiZugYJ6fX-NPE4lkfergbUdoNnMx2WOZqiGGj1RIMjCHChhAJMi4IVQqqaYZkftPKf6vlF9gmFyWYy30zerna8XJVKqGNoK6LWIQs11XSE3it0QKRPRMPoEDzw/60.jpg
2024-05-19,14273,SNK Arcade Classics Volume 1,13.00,13.05,22.90,https://commondatastorage.googleapis.com/images.pricecharting.com/AMIfv94g6-blVnYpQj9d6otZ-9c6EcnugrBo6w-XovRqoXPrNvQFKeHa4J8A9tJ-0feTLTtxOtd9ILPkIBR-KYOPGVeeazAbeQw8BQGUEWptcR7RN7fPVOeRdKRh2T1cFnLRVNYZleI4rPacb7zFMf6o5Fcpdn4tIg/60.jpg
2024-05-19,16365,Sonic and the Black Knight,13.50,15.47,36.39,https://commondatastorage.googleapis.com/images.pricecharting.com/AMIfv94Uk24KNCpKLYyYYIqbM51cGZMSDHkyHJjhFbSUgLJ9r0lnQYnAzFtmDDCOcc9HxzPJVGRnI0N8lOiHNVm9B-Xamn0qADo3XVaqxQ-3UUj_lviHYT9FLW0WQe0gJN2fWHeZHISgRQUEtynmJxX6dSaFAppLsw/60.jpg
2024-05-19,16007,Sonic Unleashed,9.28,12.49,26.04,https://commondatastorage.googleapis.com/images.pricecharting.com/AMIfv96kbY3t2RJSSl-y-0HApEEkoQPw-nWEKonZ6zBkTPGVWqgbgAycCKFx2vm7PlYO8VXj97K8miWgN6Qf6t77jjzG7ule6dqX-Iz_gPYC6mSvsidzow2iARTX3YwauYqrqRNkU7R_wB5v6csUzEgbMRNRi9EZoQ/60.jpg
2024-05-19,19646,Spyborgs,10.85,11.99,22.78,https://commondatastorage.googleapis.com/images.pricecharting.com/AMIfv96_WGxbdS04kFewCH6edhxSyuoVgUYJKXaMGN50W7-TwFnO645ksFtQXZFrg-fEvON2383Y9Cptc4ssANwOBhND-RLHvIHeSTKnleMOqkV4APpWoZ-wmI-VlVrhOUQa66bIQlPUAqa6IdnNUdbJiZMyuwNwiA/60.jpg
2024-05-19,30822,Super Mario All-Stars Limited Edition,29.33,38.13,59.97,https://commondatastorage.googleapis.com/images.pricecharting.com/AMIfv94x151jXWlMdq_HzJwfJn58WZ9hRJYKG0dm3v3gPrXN1y7FgJsRwdd7YxqgbwHYLi6QAUYcZ6j0lQ2TK0liT-_Yi4XpmAHaNqCwRap-4bcK81-HwxTV_PpLYLZuYqepgr-ffQmjA4_4UfZ1uQxEV0MHn-9T5Q/60.jpg
2024-05-19,10562,Super Mario Galaxy,11.93,14.47,49.92,https://commondatastorage.googleapis.com/images.pricecharting.com/fbf8d140328dcee7416415ce28329d9f802de1939859252467168604d1ea0a38/60.jpg
2024-05-19,21371,Super Mario Galaxy 2,20.46,24.99,59.99,https://commondatastorage.googleapis.com/images.pricecharting.com/c0acad99d42ac268159427b5ac97451e647f719ae6a1f547ad79ba0baa92ad08/60.jpg
2024-05-19,10798,Super Paper Mario,13.70,16.88,48.52,https://commondatastorage.googleapis.com/images.pricecharting.com/5b46d99b910bae612f937468957fc3ec9e3cc9d09053b29fd7b4a39925005c2d/60.jpg
2024-05-19,11865,Super Smash Bros. Brawl,14.46,15.47,44.99,https://commondatastorage.googleapis.com/images.pricecharting.com/AMIfv96ZjKryI2nBietGYEd87IxXFwkWuvdai5FUSVudkicppOMUNZOFPgIiUtTqKUrU47gGrVwi6BfZ8iMe3RfIXZDmgySBnCMfKeUx5piiCQimvQLmxvAs9TTQWT9ivIuDQDhQQbIbJJgeZy14P28ERj6msZVHPQ/60.jpg
2024-05-19,15952,Tales of Symphonia Dawn of the New World,9.71,11.66,29.21,https://commondatastorage.googleapis.com/images.pricecharting.com/1a166585679849da17a04be524a5e365b2e7378986e690a7e2b6409d6feab771/60.jpg
2024-05-19,20376,Tatsunoko vs. Capcom: Ultimate All Stars,34.00,42.08,97.52,https://commondatastorage.googleapis.com/images.pricecharting.com/AMIfv96gYt-pJvlgBAk7VmBCykjQvmrVeK-FHYdiUclH6zUDLEvuUUDjFAtCY_H8Rf9Aw_-wxYtb40EAO28ij-FQe_HR9dwt61_bTBfYEZa66oo2PJUjrMkRXoWUnTw-SWarjGOtKn0fdE8EfEfGY_PJ2HtOdcTJ6Q/60.jpg
2024-05-19,19323,The Conduit,8.32,10.95,21.62,https://commondatastorage.googleapis.com/images.pricecharting.com/AMIfv96qeFYhyDgbRuhZNsF_7R3QuDPeW6Em2peqGRSs5Du2xlfiSx31lGHiup1QQL8KnE2dkN8B9ljitT1F-At-Dus6d2EJxORTcj-MkzAgjS81iHiGCThxspgCb-6KPmxkrPycZu34iLOexp_ELQ9PvAQ_2y0_Ig/60.jpg
2024-05-19,14122,The House of the Dead 2 & 3 Return,14.73,21.27,41.33,https://commondatastorage.googleapis.com/images.pricecharting.com/AMIfv949IBU3jsjjBj3hLanenV0ERPhtZ7TNoJRTTwTpGa3T4orj88Fmonh_mWn3Un7gPIslwYhlEyhXmtT0NEfCsc_AdAyrQwZV7SrLmdkI_Ij3lTVa2sv-SuTP2DGMrOJyQHhU3QQ3jlLGAfBvF518vj1gmmWHRw/60.jpg
2024-05-19,16282,The House of the Dead Overkill,20.00,23.61,40.50,https://commondatastorage.googleapis.com/images.pricecharting.com/AMIfv94PyPRGtuIWnikfUQ0PMUUBmm6vN7EX4gp3c86UyjXw1qgVJlcO0CtsArzmB9VTLZqBvyAfDnFuJ9QoS0FeHsLcSmyhHQpY0Mt3LF0kDTokbzayGtKBV769oSSOhvnpXXml28ASzZg42ezJTm4-wX1kBz6S_A/60.jpg
2024-05-19,32433,The Kore Gang,15.98,19.69,34.95,https://commondatastorage.googleapis.com/images.pricecharting.com/AMIfv95CESMrZfByhHeyz3Khu7rCGH8C9UHC4dFxYOYzW68--4xHS-rTSley99Oh6RVl0KWV_Ghh-oUB5KqRjfd9M6WIBeDn__9I3um2WzvHn1vtL7mk-u7_3rGGjDucClNdn4HTCUUywPqpukia_9JjRZaZTqZGGA/60.jpg
2024-05-19,37414,The Last Story [Limited Edition],80.60,92.50,113.99,https://commondatastorage.googleapis.com/images.pricecharting.com/AMIfv97k4B-kyPZ60cEsFIKG-PBPQ-kVm25rr0rhDNkt7kdHtD2qKzedFE25l1Eeuhm3P-wkExpX5Uy5OT2mGb34BQ4O2G2n9Qs2ZCeoRGPsuAONtPMTMDrOD91QVsDw4xdrFhG4SSCHYitbDSaPR7UJ1EaAHynFOg/60.jpg
2024-05-19,7510,Zelda Twilight Princess,14.25,16.10,46.00,https://commondatastorage.googleapis.com/images.pricecharting.com/AMIfv97qBWHeK4uk9wFccCqIQ2TxM_tF0UmEbOGR8qPRH0mX8Eaidr0mV42wI83jKmPfibRKpGZNBy5UWFySS7MIsKxum_5KZ3GO1LgOPOY-pt0BF-gLVD0kxTBOBZ3CNMjCVdHNaeXXuFnNLNN92tDAVS52pK1IsQ/60.jpg
2024-05-19,16227,Ultimate Shooting Collection,29.99,31.09,51.65,https://commondatastorage.googleapis.com/images.pricecharting.com/AMIfv96bpiFPx-v7DwcfbapMkIij-kzsfeQPrMh4aGXFug81L7OPHj5ONPHt0I2V8AbiRGlERed0oKfXgkgLEvyzkcu883kXACukjL7VOi2gGmh4NE9NvdIivJCSYJmpOnpprourezqXz3MnigU2rW2agJBKpVtcYA/60.jpg
2024-05-19,19675,Valhalla Knights: Eldar Saga,15.17,15.78,38.21,https://commondatastorage.googleapis.com/images.pricecharting.com/AMIfv96_13kJXRjlV405o3rWq_0hFQIzkFSvstKD85UqG0rLiygFm0blDFL25K9ukEm08fBjilHW2dDbkOI_PjTi79OySvtrdoQI35QhI7YODm9jrn326xzsEDxK68d_vB0T-k3C_FhKPb3T8qmDPlZkWJ7GrBmjlg/60.jpg
2024-05-19,15064,Wario Land Shake It,14.95,17.92,45.00,https://commondatastorage.googleapis.com/images.pricecharting.com/AMIfv97POVplrGNzcVRvbPfOOpKlca0Co3U65uL-f4YfbsQW1TegHAeAC-WdoCXeIsuZkRtjdNWE8wKEyL6UnFRwDih8PPzYEf7KrtPe0zkYwoO3d8c9uTosUVZSieN092CZGuawidJOev0r0Gg3k_9mie3VlB0-yQ/60.jpg
2024-05-19,11191,WarioWare: Smooth Moves,14.99,21.55,54.96,https://commondatastorage.googleapis.com/images.pricecharting.com/AMIfv95AIr3aBnU5JR7ZG67IcRORggI7VWzTKW3F0gKYwRHan3BtzFGJiSKA9k38vU2MorNNJMviBYr1tXv7D7BPBj2QPTUTEdZrOlYsY5RyFlH9EsqV2WeVmvfH9VFiIKqC1FCRVH9O1XMXjWve9sCizclF0nwk_Q/60.jpg
2024-05-19,30777,Worms: Battle Islands,9.66,13.44,25.38,https://commondatastorage.googleapis.com/images.pricecharting.com/AMIfv96aG0CqXcZV9JRprzihjwXQrzAgWVmBGVk8NKY2mnCvGtBAqH9IvHVIjT9K483ysCUzyluZt7PrWZS2C9lW9fG5gVHmLVSexpyPj6pwoLsYlikAHgGqcr24Z_18h34WBl00D0LClaM3iTb04XOvFC9lo3QYvA/60.jpg
2024-05-19,31272,WWE All Stars,10.92,11.83,35.00,https://commondatastorage.googleapis.com/images.pricecharting.com/AMIfv968h_0BbnAeatc8zO1zTNK3PGetfY1-ZO0zyodgvMVUTN9zuaUtspqfbyHXdl-qrCj-sN8zpRSZBBZ4ogBJaBFZiKFXt2XPOFHeKk6uXc-kFzkvKqhjbh6-G613WWavVN-Ro2-Uka6A4KH8XEr9t5_zvG6AQA/60.jpg
2024-05-19,10373,Zack and Wiki Quest for Barbaros Treasure,10.51,14.99,32.63,https://commondatastorage.googleapis.com/images.pricecharting.com/AMIfv95S0_Y8aGS6qmWmwVLeHuO1pcnHAmn-Vh2W__FQCo_XRv_oh2DTDauabQzCMbuLwrL9OniqIpvxVmMlfdvJgqteb4axATtXeC-wY50m-ag22mm_jp_2mhd-CO2cFGBuEjT7dN4JtFB4MrUaI7qklnGiim7ZFw/60.jpg
